fecha,estacion,viento_direccion,viento_velocidad,temperatura,temperatura_de_rocio,humedad_relativa,presion_atmosferica,precipitacion
2021-04-29 00:00:00-04:00,Aroma (GPRS),SSE,0.0,-0.4,-13.2,37.1,653.0,0.0
2021-04-29 00:00:00-04:00,Chachacomani-Batallas (GPRS),W,0.8,0.0,-2.4,82.9,624.0,0.0
2021-04-29 00:00:00-04:00,Chipayas - GPRS,,212.9,1.4,,44.9,7.5,0.0
2021-04-29 00:00:00-04:00,Cochabamba,ESE,6.0,15.0,7.0,58.4,752.9,
2021-04-29 00:00:00-04:00,El Alto,E,8.0,5.0,4.0,92.6,630.2,
2021-04-29 00:00:00-04:00,El Tranque (GPRS),NNW,0.0,4.3,2.8,89.8,712.4,0.0
2021-04-29 00:00:00-04:00,El Villar (GPRS),E,0.0,9.5,8.8,95.1,796.9,0.0
2021-04-29 00:00:00-04:00,Huacata_M (GPRS),NE,1.8,1.6,,99.0,730.9,0.0
2021-04-29 00:00:00-04:00,Incahuasi (GPRS),ENE,0.4,2.4,1.6,94.2,720.6,0.0
2021-04-29 00:00:00-04:00,Ivirgarzama-Senda VI (GPRS),ESE,0.4,20.3,17.3,82.3,501.8,0.0
2021-04-29 00:00:00-04:00,Laykakota-GPRS,,,6.4,,93.5,,0.0
2021-04-29 00:00:00-04:00,Linkupata_M (GPRS),SE,0.9,2.6,,100.0,630.3,0.0
2021-04-29 00:00:00-04:00,Mizque - SDC (GPRS),N,0.4,12.2,,74.8,803.0,0.0
2021-04-29 00:00:00-04:00,Omereque - SDC (GPRS),E,2.8,14.8,,65.8,842.0,0.0
2021-04-29 00:00:00-04:00,Pocona - SDC (GPRS),W,1.1,8.3,,95.3,759.2,0.0
2021-04-29 00:00:00-04:00,Pojo - SDC (GPRS),W,0.3,12.5,,77.0,804.0,0.0
2021-04-29 00:00:00-04:00,Presa Calderas_M (GPRS),WNW,1.0,6.5,,93.3,791.0,0.0
2021-04-29 00:00:00-04:00,Presa El Peral_M (GPRS),ENE,2.7,6.5,,93.6,745.4,0.0
2021-04-29 00:00:00-04:00,Presa Yana Khakha_M (GPRS),S,0.1,1.9,,84.7,711.5,0.0
2021-04-29 00:00:00-04:00,Quila Quila_M (GPRS),E,0.9,7.0,,75.7,720.2,0.0
2021-04-29 00:00:00-04:00,Ravelo_M (GPRS),E,0.7,5.7,,87.0,694.4,0.0
2021-04-29 00:00:00-04:00,San Jacinto_M (GPRS),W,0.1,5.1,,98.3,817.0,0.0
2021-04-29 00:00:00-04:00,San Roque - El Alto (GPRS),N,7.3,4.3,3.5,94.0,633.9,0.0
2021-04-29 00:00:00-04:00,Sucre - GPRS,,1.3,8.5,,-42.9,69.7,0.0
2021-04-29 00:00:00-04:00,Tacagua_M (GPRS),NNE,4.4,1.9,,57.4,651.9,0.0
2021-04-29 00:00:00-04:00,Temporal - SDC (GPRS),N,1.7,11.5,,1.6,730.8,0.0
2021-04-29 00:00:00-04:00,Toledo (GPRS),N,6.9,0.0,-13.1,36.4,655.7,0.0
2021-04-29 00:00:00-04:00,Toma Ravelo_H (GPRS),E,0.7,5.7,,87.0,694.4,0.0
2021-04-29 00:00:00-04:00,Tomina (GPRS),S,2.0,11.8,9.6,85.9,798.3,0.0
2021-04-29 00:00:00-04:00,Vacas - SDC (GPRS),SE,3.0,3.3,,99.0,672.9,0.0
2021-04-29 00:00:00-04:00,Vila Vila - SDC (GPRS),SSE,2.0,9.7,,78.5,753.8,0.0
2021-04-29 00:00:00-04:00,Villa Alcalá (GPRS),SSE,4.3,11.2,10.5,94.6,803.0,0.0
2021-04-29 00:00:00-04:00,Villa Serrano (GPRS),SSE,0.0,9.3,9.4,100.0,798.9,0.0
2021-04-29 00:00:00-04:00,Viru Viru,S,9.0,21.0,13.0,59.7,974.1,
2021-04-29 00:00:00-04:00,Vivero Chimboco - SDC (GPRS),NNW,0.8,12.3,,69.3,738.0,0.0
2021-04-29 00:00:00-04:00,Vivero Viloma - SDC (GPRS),NNE,2.0,12.1,,71.2,743.7,0.0
2021-04-29 00:15:00-04:00,Aroma (GPRS),SSE,0.0,-0.4,-12.5,39.2,653.2,0.0
2021-04-29 00:15:00-04:00,Chachacomani-Batallas (GPRS),WNW,2.3,0.2,-2.2,83.7,624.1,0.0
2021-04-29 00:15:00-04:00,Chipayas - GPRS,,232.6,2.2,,42.6,11.9,0.0
2021-04-29 00:15:00-04:00,El Tranque (GPRS),NW,0.0,4.4,2.6,87.5,712.2,0.0
2021-04-29 00:15:00-04:00,El Villar (GPRS),E,1.1,9.6,9.0,95.3,796.8,0.0
2021-04-29 00:15:00-04:00,Huacata_M (GPRS),NE,1.9,2.0,,97.4,731.3,0.0
2021-04-29 00:15:00-04:00,Incahuasi (GPRS),NE,1.7,2.3,1.6,94.8,720.4,0.0
2021-04-29 00:15:00-04:00,Ivirgarzama-Senda VI (GPRS),SE,0.4,20.3,17.4,83.0,501.8,0.0
2021-04-29 00:15:00-04:00,Laykakota-GPRS,,,6.4,,93.5,,0.0
2021-04-29 00:15:00-04:00,Linkupata_M (GPRS),SE,0.1,2.3,,99.9,630.3,0.0
2021-04-29 00:15:00-04:00,Mizque - SDC (GPRS),NNW,0.7,12.9,,75.3,804.0,0.0
2021-04-29 00:15:00-04:00,Omereque - SDC (GPRS),E,3.2,15.1,,65.9,843.0,0.0
2021-04-29 00:15:00-04:00,Pocona - SDC (GPRS),NNW,1.4,8.5,,94.9,759.4,0.0
2021-04-29 00:15:00-04:00,Pojo - SDC (GPRS),N,0.9,12.4,,77.7,804.0,0.0
2021-04-29 00:15:00-04:00,Presa Calderas_M (GPRS),NNE,2.4,6.0,,94.2,791.0,0.0
2021-04-29 00:15:00-04:00,Presa El Peral_M (GPRS),E,1.5,6.2,,91.3,745.5,0.0
2021-04-29 00:15:00-04:00,Presa Yana Khakha_M (GPRS),NW,0.7,1.9,,80.8,711.5,0.0
2021-04-29 00:15:00-04:00,Ravelo_M (GPRS),NE,1.0,5.4,,89.8,694.4,0.0
2021-04-29 00:15:00-04:00,San Jacinto_M (GPRS),WNW,0.4,5.4,,98.7,817.0,0.0
2021-04-29 00:15:00-04:00,San Roque - El Alto (GPRS),NNE,6.5,4.2,3.5,94.3,633.9,0.0
2021-04-29 00:15:00-04:00,Sucre - GPRS,,1.0,8.5,,-45.2,70.0,0.0
2021-04-29 00:15:00-04:00,Tacagua_M (GPRS),NE,3.3,1.5,,56.7,652.4,0.0
2021-04-29 00:15:00-04:00,Temporal - SDC (GPRS),NW,1.1,11.4,,1.8,731.2,0.0
2021-04-29 00:15:00-04:00,Toledo (GPRS),NNE,7.4,1.3,-14.3,30.1,655.6,0.0
2021-04-29 00:15:00-04:00,Toma Ravelo_H (GPRS),NE,1.0,5.4,,89.8,694.4,0.0
2021-04-29 00:15:00-04:00,Tomina (GPRS),ESE,7.2,11.5,9.3,85.4,798.3,0.0
2021-04-29 00:15:00-04:00,Vacas - SDC (GPRS),SE,3.5,3.6,,99.5,673.3,0.0
2021-04-29 00:15:00-04:00,Vila Vila - SDC (GPRS),S,1.9,9.9,,78.4,754.1,0.0
2021-04-29 00:15:00-04:00,Villa Alcalá (GPRS),SSE,2.3,11.2,10.6,95.3,803.0,0.0
2021-04-29 00:15:00-04:00,Villa Serrano (GPRS),SSE,0.0,9.3,9.4,100.0,798.8,0.0
2021-04-29 00:15:00-04:00,Vivero Chimboco - SDC (GPRS),NNW,1.6,12.3,,69.2,738.3,0.0
2021-04-29 00:15:00-04:00,Vivero Viloma - SDC (GPRS),NE,0.8,11.9,,73.3,744.1,0.0
2021-04-29 00:30:00-04:00,Aroma (GPRS),SSE,0.0,-0.1,-12.2,39.6,653.1,0.0
2021-04-29 00:30:00-04:00,Chachacomani-Batallas (GPRS),NW,3.0,0.3,-1.3,88.5,623.8,0.0
2021-04-29 00:30:00-04:00,Chipayas - GPRS,,236.6,2.0,,42.2,10.5,0.0
2021-04-29 00:30:00-04:00,El Tranque (GPRS),N,0.0,4.4,2.2,85.2,712.2,0.0
2021-04-29 00:30:00-04:00,El Villar (GPRS),ENE,5.7,9.6,8.9,94.8,796.9,0.0
2021-04-29 00:30:00-04:00,Huacata_M (GPRS),ENE,2.5,1.8,,96.4,731.3,0.0
2021-04-29 00:30:00-04:00,Incahuasi (GPRS),NE,2.6,2.1,1.3,93.7,720.5,0.0
2021-04-29 00:30:00-04:00,Ivirgarzama-Senda VI (GPRS),ESE,0.4,20.3,17.4,83.1,501.8,0.0
2021-04-29 00:30:00-04:00,Laykakota-GPRS,,,6.3,,94.1,,0.0
2021-04-29 00:30:00-04:00,Linkupata_M (GPRS),SE,0.5,2.4,,99.9,630.4,0.0
2021-04-29 00:30:00-04:00,Mizque - SDC (GPRS),NNE,0.6,12.8,,75.8,803.0,0.0
2021-04-29 00:30:00-04:00,Omereque - SDC (GPRS),E,3.8,14.8,,66.8,843.0,0.0
2021-04-29 00:30:00-04:00,Pocona - SDC (GPRS),NW,0.7,8.5,,94.1,759.5,0.0
2021-04-29 00:30:00-04:00,Pojo - SDC (GPRS),ENE,1.3,12.3,,78.4,804.0,0.0
2021-04-29 00:30:00-04:00,Presa Calderas_M (GPRS),W,1.7,6.1,,93.6,791.0,0.0
2021-04-29 00:30:00-04:00,Presa El Peral_M (GPRS),ESE,2.0,5.3,,93.2,745.5,0.0
2021-04-29 00:30:00-04:00,Presa Yana Khakha_M (GPRS),WNW,1.8,1.8,,82.0,711.5,0.0
2021-04-29 00:30:00-04:00,Ravelo_M (GPRS),S,0.9,4.9,,92.0,694.5,0.0
2021-04-29 00:30:00-04:00,San Jacinto_M (GPRS),WNW,0.3,5.4,,98.7,817.0,0.0
2021-04-29 00:30:00-04:00,San Roque - El Alto (GPRS),NNW,6.2,4.0,3.4,94.7,634.0,0.0
2021-04-29 00:30:00-04:00,Sucre - GPRS,,1.0,8.4,,-43.4,70.7,0.0
2021-04-29 00:30:00-04:00,Tacagua_M (GPRS),N,2.5,1.2,,57.3,652.4,0.0
2021-04-29 00:30:00-04:00,Temporal - SDC (GPRS),W,1.0,11.3,,1.2,731.2,0.0
2021-04-29 00:30:00-04:00,Toledo (GPRS),NNE,7.5,1.4,-14.3,29.8,655.9,0.0
2021-04-29 00:30:00-04:00,Toma Ravelo_H (GPRS),S,0.9,4.9,,92.0,694.5,0.0
2021-04-29 00:30:00-04:00,Tomina (GPRS),S,2.5,11.4,9.3,86.6,798.3,0.0
2021-04-29 00:30:00-04:00,Vacas - SDC (GPRS),SE,2.3,3.6,,99.7,673.3,0.0
2021-04-29 00:30:00-04:00,Vila Vila - SDC (GPRS),SSE,2.6,9.9,,79.1,754.1,0.0
2021-04-29 00:30:00-04:00,Villa Alcalá (GPRS),ESE,3.4,11.2,10.7,95.9,803.0,0.0
2021-04-29 00:30:00-04:00,Villa Serrano (GPRS),SW,0.0,9.6,9.7,100.0,799.1,0.0
2021-04-29 00:30:00-04:00,Vivero Chimboco - SDC (GPRS),WNW,1.2,12.2,,69.2,738.3,0.0
2021-04-29 00:30:00-04:00,Vivero Viloma - SDC (GPRS),NNE,1.6,12.0,,71.9,744.1,0.0
2021-04-29 00:45:00-04:00,Aroma (GPRS),SSE,0.0,-0.4,-12.2,40.4,653.2,0.0
2021-04-29 00:45:00-04:00,Chachacomani-Batallas (GPRS),SSW,0.0,0.3,-0.4,94.3,623.9,0.0
2021-04-29 00:45:00-04:00,Chipayas - GPRS,,243.1,1.6,,42.4,9.4,0.0
2021-04-29 00:45:00-04:00,El Tranque (GPRS),N,0.0,3.6,2.2,90.2,712.2,0.0
2021-04-29 00:45:00-04:00,El Villar (GPRS),E,5.6,9.6,8.7,93.9,796.8,0.0
2021-04-29 00:45:00-04:00,Huacata_M (GPRS),NNE,1.8,1.3,,95.7,731.5,0.0
2021-04-29 00:45:00-04:00,Incahuasi (GPRS),E,0.4,1.7,1.1,95.5,720.3,0.0
2021-04-29 00:45:00-04:00,Ivirgarzama-Senda VI (GPRS),SE,0.4,20.3,17.6,83.7,501.8,0.0
2021-04-29 00:45:00-04:00,Laykakota-GPRS,,,6.2,,95.5,,0.0
2021-04-29 00:45:00-04:00,Linkupata_M (GPRS),S,0.9,2.2,,99.9,630.4,0.0
2021-04-29 00:45:00-04:00,Mizque - SDC (GPRS),NW,0.3,12.6,,78.8,803.0,0.0
2021-04-29 00:45:00-04:00,Omereque - SDC (GPRS),E,2.9,14.4,,66.8,843.0,0.0
2021-04-29 00:45:00-04:00,Pocona - SDC (GPRS),NW,0.9,8.5,,94.4,759.5,0.0
2021-04-29 00:45:00-04:00,Pojo - SDC (GPRS),N,1.2,12.1,,78.4,804.0,0.0
2021-04-29 00:45:00-04:00,Presa Calderas_M (GPRS),NNE,0.8,6.4,,93.8,791.0,0.0
2021-04-29 00:45:00-04:00,Presa El Peral_M (GPRS),ESE,2.1,6.1,,93.5,745.5,0.0
2021-04-29 00:45:00-04:00,Presa Yana Khakha_M (GPRS),NNW,0.2,2.0,,77.8,711.5,0.0
2021-04-29 00:45:00-04:00,Ravelo_M (GPRS),SE,0.7,4.9,,91.4,694.5,0.0
2021-04-29 00:45:00-04:00,San Jacinto_M (GPRS),NNW,0.4,5.5,,99.1,817.0,0.0
2021-04-29 00:45:00-04:00,San Roque - El Alto (GPRS),NNW,6.6,3.9,3.3,95.3,634.0,0.0
2021-04-29 00:45:00-04:00,Sucre - GPRS,,1.1,8.5,,-32.4,70.7,0.0
2021-04-29 00:45:00-04:00,Tacagua_M (GPRS),NE,5.1,1.4,,58.2,652.5,0.0
2021-04-29 00:45:00-04:00,Temporal - SDC (GPRS),NW,1.0,11.3,,0.7,731.3,0.0
2021-04-29 00:45:00-04:00,Toledo (GPRS),NNE,6.2,0.9,-14.7,30.0,655.8,0.0
2021-04-29 00:45:00-04:00,Toma Ravelo_H (GPRS),SE,0.7,4.9,,91.4,694.5,0.0
2021-04-29 00:45:00-04:00,Tomina (GPRS),S,2.8,11.3,9.1,85.8,798.5,0.0
2021-04-29 00:45:00-04:00,Vacas - SDC (GPRS),SE,1.1,3.5,,99.8,673.4,0.0
2021-04-29 00:45:00-04:00,Vila Vila - SDC (GPRS),SSE,2.4,9.9,,79.6,753.9,0.0
2021-04-29 00:45:00-04:00,Villa Alcalá (GPRS),SE,3.4,11.2,10.8,96.8,803.0,0.0
2021-04-29 00:45:00-04:00,Villa Serrano (GPRS),NNE,0.0,9.6,9.7,100.0,798.9,0.0
2021-04-29 00:45:00-04:00,Vivero Chimboco - SDC (GPRS),NNW,1.4,12.3,,69.2,738.4,0.0
2021-04-29 00:45:00-04:00,Vivero Viloma - SDC (GPRS),N,0.8,12.0,,72.2,744.2,0.0
2021-04-29 01:00:00-04:00,Aroma (GPRS),SSE,0.0,-0.7,-12.6,39.9,653.3,0.0
2021-04-29 01:00:00-04:00,Chachacomani-Batallas (GPRS),SSW,0.0,-0.3,-1.0,94.6,623.9,0.0
2021-04-29 01:00:00-04:00,Chipayas - GPRS,,245.8,0.6,,45.1,7.4,0.0
2021-04-29 01:00:00-04:00,Cochabamba,SE,5.0,14.0,8.0,66.6,752.9,
2021-04-29 01:00:00-04:00,El Alto,E,6.0,5.0,4.0,92.6,630.2,
2021-04-29 01:00:00-04:00,El Tranque (GPRS),N,0.0,3.3,1.9,89.5,712.2,0.0
2021-04-29 01:00:00-04:00,El Villar (GPRS),E,2.5,9.5,8.6,93.6,796.8,0.0
2021-04-29 01:00:00-04:00,Huacata_M (GPRS),N,0.8,0.5,,97.7,731.1,0.0
2021-04-29 01:00:00-04:00,Incahuasi (GPRS),E,0.4,2.0,1.5,96.2,720.3,0.0
2021-04-29 01:00:00-04:00,Ivirgarzama-Senda VI (GPRS),SE,0.4,20.4,17.5,83.0,501.8,0.0
2021-04-29 01:00:00-04:00,Laykakota-GPRS,,,6.2,,96.3,,0.0
2021-04-29 01:00:00-04:00,Linkupata_M (GPRS),SSE,0.4,2.2,,99.9,630.5,0.0
2021-04-29 01:00:00-04:00,Mizque - SDC (GPRS),NE,0.3,11.4,,79.5,803.0,0.0
2021-04-29 01:00:00-04:00,Omereque - SDC (GPRS),E,3.4,13.6,,69.7,842.0,0.0
2021-04-29 01:00:00-04:00,Pocona - SDC (GPRS),SW,1.4,8.2,,94.5,759.2,0.0
2021-04-29 01:00:00-04:00,Pojo - SDC (GPRS),N,1.5,12.0,,79.0,804.0,0.0
2021-04-29 01:00:00-04:00,Presa Calderas_M (GPRS),W,1.3,6.9,,94.8,791.0,0.0
2021-04-29 01:00:00-04:00,Presa El Peral_M (GPRS),ESE,2.3,6.4,,92.5,745.5,0.0
2021-04-29 01:00:00-04:00,Presa Yana Khakha_M (GPRS),W,0.9,2.3,,73.9,711.6,0.0
2021-04-29 01:00:00-04:00,Ravelo_M (GPRS),S,1.4,4.4,,91.9,694.6,0.0
2021-04-29 01:00:00-04:00,San Roque - El Alto (GPRS),N,7.5,3.7,3.1,95.5,633.8,0.0
2021-04-29 01:00:00-04:00,Sucre - GPRS,,0.8,8.6,,-23.7,70.3,0.0
2021-04-29 01:00:00-04:00,Tacagua_M (GPRS),NNE,3.5,1.2,,58.3,651.7,0.0
2021-04-29 01:00:00-04:00,Toledo (GPRS),NNE,6.7,0.0,-14.8,31.8,655.7,0.0
2021-04-29 01:00:00-04:00,Toma Ravelo_H (GPRS),S,1.4,4.4,,91.9,694.6,0.0
2021-04-29 01:00:00-04:00,Tomina (GPRS),E,4.0,11.1,9.2,87.1,798.5,0.0
2021-04-29 01:00:00-04:00,Vacas - SDC (GPRS),E,0.8,3.2,,99.6,672.9,0.0
2021-04-29 01:00:00-04:00,Vila Vila - SDC (GPRS),SE,2.0,9.6,,79.3,753.6,0.0
2021-04-29 01:00:00-04:00,Villa Alcalá (GPRS),ESE,3.3,11.0,10.7,97.2,803.0,0.0
2021-04-29 01:00:00-04:00,Villa Serrano (GPRS),NNE,0.0,9.6,9.7,100.0,799.1,0.0
2021-04-29 01:00:00-04:00,Viru Viru,S,10.0,21.0,13.0,59.7,974.1,
2021-04-29 01:00:00-04:00,Vivero Chimboco - SDC (GPRS),NW,0.9,12.2,,68.9,738.3,0.0
2021-04-29 01:00:00-04:00,Vivero Viloma - SDC (GPRS),NE,1.4,11.9,,72.6,743.9,0.0
2021-04-29 01:15:00-04:00,Aroma (GPRS),SSE,0.0,-0.6,-12.9,38.8,653.2,0.0
2021-04-29 01:15:00-04:00,Chachacomani-Batallas (GPRS),ESE,0.0,0.4,0.0,96.6,623.8,0.0
2021-04-29 01:15:00-04:00,Chipayas - GPRS,,242.5,0.4,,46.4,8.3,0.0
2021-04-29 01:15:00-04:00,El Tranque (GPRS),NNE,0.0,2.8,1.9,93.5,712.3,0.0
2021-04-29 01:15:00-04:00,El Villar (GPRS),ENE,0.0,9.6,8.4,91.8,796.6,0.0
2021-04-29 01:15:00-04:00,Incahuasi (GPRS),S,0.4,1.6,1.2,96.4,720.2,0.0
2021-04-29 01:15:00-04:00,Ivirgarzama-Senda VI (GPRS),E,0.4,20.2,16.9,81.1,501.8,0.0
2021-04-29 01:15:00-04:00,Laykakota-GPRS,,,6.1,,95.5,,0.0
2021-04-29 01:15:00-04:00,Presa El Peral_M (GPRS),SE,2.6,5.4,,93.5,745.5,0.0
2021-04-29 01:15:00-04:00,San Roque - El Alto (GPRS),NNW,4.6,3.7,3.2,95.5,633.9,0.0
2021-04-29 01:15:00-04:00,Sucre - GPRS,,1.3,8.7,,-18.7,70.2,0.0
2021-04-29 01:15:00-04:00,Toledo (GPRS),N,10.0,-0.8,-15.1,32.7,655.5,0.0
2021-04-29 01:15:00-04:00,Tomina (GPRS),ESE,2.1,11.1,9.2,87.3,798.4,0.0
2021-04-29 01:15:00-04:00,Villa Alcalá (GPRS),ESE,2.1,11.0,10.6,96.5,803.0,0.0
2021-04-29 01:15:00-04:00,Villa Serrano (GPRS),NNE,0.0,9.6,9.7,100.0,798.7,0.0
2021-04-29 01:30:00-04:00,Aroma (GPRS),SSE,0.0,-0.9,-13.0,39.2,653.1,0.0
2021-04-29 01:30:00-04:00,Chachacomani-Batallas (GPRS),ESE,0.0,0.9,-1.2,85.0,623.7,0.0
2021-04-29 01:30:00-04:00,Chipayas - GPRS,,236.3,0.1,,46.4,8.8,0.0
2021-04-29 01:30:00-04:00,El Tranque (GPRS),N,0.0,2.8,2.0,94.3,711.9,0.0
2021-04-29 01:30:00-04:00,El Villar (GPRS),E,0.0,9.6,8.3,91.1,796.5,0.0
2021-04-29 01:30:00-04:00,Incahuasi (GPRS),NNE,0.4,1.8,1.3,95.8,720.2,0.0
2021-04-29 01:30:00-04:00,Ivirgarzama-Senda VI (GPRS),E,0.4,19.9,16.6,80.7,501.8,0.0
2021-04-29 01:30:00-04:00,Laykakota-GPRS,,,6.1,,94.7,,0.0
2021-04-29 01:30:00-04:00,Presa El Peral_M (GPRS),SE,2.3,5.1,,93.7,745.5,0.0
2021-04-29 01:30:00-04:00,San Roque - El Alto (GPRS),N,5.7,3.8,3.2,95.3,633.8,0.0
2021-04-29 01:30:00-04:00,Sucre - GPRS,,1.5,8.5,,-22.1,71.0,0.0
2021-04-29 01:30:00-04:00,Toledo (GPRS),NNE,0.0,-1.2,-15.4,32.7,655.6,0.0
2021-04-29 01:30:00-04:00,Tomina (GPRS),SSE,3.6,11.3,9.5,87.8,798.3,0.0
2021-04-29 01:30:00-04:00,Villa Alcalá (GPRS),SE,5.6,11.1,10.5,95.9,803.0,0.0
2021-04-29 01:30:00-04:00,Villa Serrano (GPRS),NNE,0.0,9.7,9.8,100.0,798.7,0.0
2021-04-29 01:45:00-04:00,Aroma (GPRS),SSE,0.0,-1.2,-12.9,40.2,653.1,0.0
2021-04-29 01:45:00-04:00,Chachacomani-Batallas (GPRS),NE,0.0,1.0,-1.2,84.6,623.7,0.0
2021-04-29 01:45:00-04:00,Chipayas - GPRS,,233.5,-0.1,,47.3,9.7,0.0
2021-04-29 01:45:00-04:00,El Tranque (GPRS),NNE,0.0,2.5,1.9,94.9,711.9,0.0
2021-04-29 01:45:00-04:00,El Villar (GPRS),E,0.0,9.5,8.0,89.7,796.5,0.0
2021-04-29 01:45:00-04:00,Incahuasi (GPRS),NNE,0.4,1.6,1.2,96.5,720.1,0.0
2021-04-29 01:45:00-04:00,Ivirgarzama-Senda VI (GPRS),E,0.4,19.8,16.3,79.6,501.8,0.0
2021-04-29 01:45:00-04:00,Laykakota-GPRS,,,6.0,,95.3,,0.0
2021-04-29 01:45:00-04:00,Presa El Peral_M (GPRS),ESE,1.8,4.9,,93.5,745.5,0.0
2021-04-29 01:45:00-04:00,San Roque - El Alto (GPRS),NNE,5.9,3.8,3.2,94.7,633.7,0.0
2021-04-29 01:45:00-04:00,Sucre - GPRS,,0.9,8.1,,-34.1,72.9,0.0
2021-04-29 01:45:00-04:00,Toledo (GPRS),NNE,7.7,-0.4,-15.9,29.8,655.4,0.0
2021-04-29 01:45:00-04:00,Tomina (GPRS),SE,2.8,11.6,9.5,86.5,798.1,0.0
2021-04-29 01:45:00-04:00,Villa Alcalá (GPRS),SE,3.8,11.0,10.5,95.7,803.0,0.0
2021-04-29 01:45:00-04:00,Villa Serrano (GPRS),SSE,0.0,9.7,9.8,100.0,798.4,0.0
2021-04-29 02:00:00-04:00,Aroma (GPRS),SSE,0.0,-1.5,-12.8,41.4,653.1,0.0
2021-04-29 02:00:00-04:00,Chachacomani-Batallas (GPRS),E,0.0,-0.4,-2.8,83.1,623.5,0.0
2021-04-29 02:00:00-04:00,Chipayas - GPRS,,242.7,-0.3,,47.8,10.1,0.0
2021-04-29 02:00:00-04:00,Cochabamba,SE,4.0,14.0,8.0,66.6,752.2,
2021-04-29 02:00:00-04:00,El Alto,E,7.0,4.0,3.0,92.6,630.2,
2021-04-29 02:00:00-04:00,El Tranque (GPRS),N,0.0,2.2,1.6,95.2,711.9,0.0
2021-04-29 02:00:00-04:00,El Villar (GPRS),E,0.0,9.3,8.0,91.0,796.3,0.0
2021-04-29 02:00:00-04:00,Incahuasi (GPRS),NE,1.0,1.3,0.8,96.1,719.9,0.0
2021-04-29 02:00:00-04:00,Ivirgarzama-Senda VI (GPRS),E,0.4,19.8,16.1,78.8,501.8,0.0
2021-04-29 02:00:00-04:00,Laykakota-GPRS,,,6.1,,95.2,,0.0
2021-04-29 02:00:00-04:00,Presa El Peral_M (GPRS),ESE,1.2,4.9,,94.5,745.6,0.0
2021-04-29 02:00:00-04:00,San Roque - El Alto (GPRS),NE,4.1,4.0,3.1,93.2,633.6,0.0
2021-04-29 02:00:00-04:00,Sucre - GPRS,,0.8,7.8,,-37.4,73.9,0.0
2021-04-29 02:00:00-04:00,Toledo (GPRS),NE,9.1,-0.5,-16.1,29.6,655.2,0.0
2021-04-29 02:00:00-04:00,Tomina (GPRS),SSE,2.9,11.7,9.3,85.0,798.0,0.0
2021-04-29 02:00:00-04:00,Villa Alcalá (GPRS),SE,3.3,10.8,10.4,96.6,802.0,0.0
2021-04-29 02:00:00-04:00,Villa Serrano (GPRS),SSE,0.0,9.6,9.7,100.0,798.3,0.0
2021-04-29 02:00:00-04:00,Viru Viru,S,10.0,20.0,12.0,59.5,974.1,
2021-04-29 02:15:00-04:00,Aroma (GPRS),SSE,0.0,-0.6,-12.2,41.1,653.0,0.0
2021-04-29 02:15:00-04:00,Chachacomani-Batallas (GPRS),ESE,4.5,-2.2,-3.1,92.4,623.4,0.0
2021-04-29 02:15:00-04:00,Chipayas - GPRS,,185.6,-0.5,,46.9,6.3,0.0
2021-04-29 02:15:00-04:00,El Tranque (GPRS),NNW,0.0,2.1,1.6,95.9,711.8,0.0
2021-04-29 02:15:00-04:00,El Villar (GPRS),ESE,0.0,9.3,7.9,90.4,796.1,0.0
2021-04-29 02:15:00-04:00,Incahuasi (GPRS),ENE,1.3,0.8,0.3,96.1,719.9,0.0
2021-04-29 02:15:00-04:00,Ivirgarzama-Senda VI (GPRS),E,0.4,19.7,16.1,79.2,501.8,0.0
2021-04-29 02:15:00-04:00,Laykakota-GPRS,,,6.2,,94.4,,0.0
2021-04-29 02:15:00-04:00,San Roque - El Alto (GPRS),NNW,3.7,3.6,2.7,93.4,633.7,0.0
2021-04-29 02:15:00-04:00,Sucre - GPRS,,0.8,7.5,,-45.1,75.7,0.0
2021-04-29 02:15:00-04:00,Toledo (GPRS),NNE,9.0,-0.3,-16.4,28.4,655.3,0.0
2021-04-29 02:15:00-04:00,Tomina (GPRS),S,1.7,11.7,9.3,84.8,798.1,0.0
2021-04-29 02:15:00-04:00,Villa Alcalá (GPRS),SE,0.0,10.4,10.1,97.1,803.0,0.0
2021-04-29 02:15:00-04:00,Villa Serrano (GPRS),SE,0.0,9.6,9.8,100.0,798.1,0.0
2021-04-29 02:30:00-04:00,Aroma (GPRS),SSE,0.0,-1.4,-12.3,42.8,653.0,0.0
2021-04-29 02:30:00-04:00,Chachacomani-Batallas (GPRS),E,5.5,0.6,-2.9,77.2,623.3,0.0
2021-04-29 02:30:00-04:00,Chipayas - GPRS,,147.5,-1.1,,45.4,4.6,0.0
2021-04-29 02:30:00-04:00,El Tranque (GPRS),NNE,0.0,1.7,1.4,97.1,711.8,0.0
2021-04-29 02:30:00-04:00,El Villar (GPRS),E,0.0,9.2,7.9,90.6,796.0,0.0
2021-04-29 02:30:00-04:00,Incahuasi (GPRS),NW,0.4,0.1,-0.2,97.1,719.8,0.0
2021-04-29 02:30:00-04:00,Ivirgarzama-Senda VI (GPRS),ESE,0.4,19.9,16.1,78.4,501.8,0.0
2021-04-29 02:30:00-04:00,Laykakota-GPRS,,,6.2,,93.6,,0.0
2021-04-29 02:30:00-04:00,San Roque - El Alto (GPRS),NNE,3.8,3.5,2.6,92.8,633.7,0.0
2021-04-29 02:30:00-04:00,Sucre - GPRS,,0.5,7.4,,-47.4,77.4,0.0
2021-04-29 02:30:00-04:00,Toledo (GPRS),NNE,10.9,1.4,-16.6,24.7,655.2,0.0
2021-04-29 02:30:00-04:00,Tomina (GPRS),E,1.6,11.7,9.3,84.5,797.9,0.0
2021-04-29 02:30:00-04:00,Villa Alcalá (GPRS),ESE,2.7,10.4,10.3,98.6,802.0,0.0
2021-04-29 02:30:00-04:00,Villa Serrano (GPRS),SE,0.0,9.6,9.7,100.0,798.2,0.0
2021-04-29 02:45:00-04:00,Aroma (GPRS),SSE,0.0,-1.6,-12.1,44.3,653.1,0.0
2021-04-29 02:45:00-04:00,Chachacomani-Batallas (GPRS),E,2.9,0.9,-3.3,73.0,623.3,0.0
2021-04-29 02:45:00-04:00,Chipayas - GPRS,,298.9,-2.5,,49.9,5.1,0.0
2021-04-29 02:45:00-04:00,El Tranque (GPRS),N,0.0,1.6,1.4,97.7,711.6,0.0
2021-04-29 02:45:00-04:00,El Villar (GPRS),ESE,0.0,8.7,7.7,92.6,795.9,0.0
2021-04-29 02:45:00-04:00,Incahuasi (GPRS),NW,0.4,-0.1,-0.3,97.5,719.9,0.0
2021-04-29 02:45:00-04:00,Ivirgarzama-Senda VI (GPRS),SE,0.4,19.9,16.0,78.0,501.8,0.0
2021-04-29 02:45:00-04:00,Laykakota-GPRS,,,6.2,,94.0,,0.0
2021-04-29 02:45:00-04:00,San Roque - El Alto (GPRS),NNW,4.1,3.3,2.3,92.9,633.6,0.0
2021-04-29 02:45:00-04:00,Sucre - GPRS,,0.8,7.5,,-46.3,78.9,0.0
2021-04-29 02:45:00-04:00,Toledo (GPRS),NE,11.8,0.9,-17.0,24.8,655.2,0.0
2021-04-29 02:45:00-04:00,Tomina (GPRS),E,1.6,11.6,9.4,85.9,797.7,0.0
2021-04-29 02:45:00-04:00,Villa Alcalá (GPRS),ESE,1.8,10.4,10.3,98.6,802.0,0.0
2021-04-29 02:45:00-04:00,Villa Serrano (GPRS),SSW,0.0,9.4,9.5,100.0,798.0,0.0
2021-04-29 03:00:00-04:00,Aroma (GPRS),SSE,0.0,-1.5,-12.1,44.0,653.1,0.0
2021-04-29 03:00:00-04:00,Chachacomani-Batallas (GPRS),E,3.8,-2.0,-3.5,88.6,623.4,0.0
2021-04-29 03:00:00-04:00,Chipayas - GPRS,,247.5,-2.7,,49.1,4.8,0.0
2021-04-29 03:00:00-04:00,Cochabamba,E,3.0,14.0,7.0,62.2,752.2,
2021-04-29 03:00:00-04:00,El Alto,E,6.0,4.0,3.0,92.6,630.2,
2021-04-29 03:00:00-04:00,El Tranque (GPRS),N,0.0,1.2,1.1,98.2,711.5,0.0
2021-04-29 03:00:00-04:00,El Villar (GPRS),NE,0.0,8.2,7.4,93.9,796.0,0.0
2021-04-29 03:00:00-04:00,Incahuasi (GPRS),WNW,0.4,-0.5,-0.6,98.0,719.8,0.0
2021-04-29 03:00:00-04:00,Ivirgarzama-Senda VI (GPRS),SE,0.4,19.8,15.9,77.8,501.8,0.0
2021-04-29 03:00:00-04:00,Laykakota-GPRS,,,6.1,,94.4,,0.0
2021-04-29 03:00:00-04:00,San Roque - El Alto (GPRS),NE,2.1,3.3,2.4,93.5,633.7,0.0
2021-04-29 03:00:00-04:00,Sucre - GPRS,,0.5,7.4,,-47.1,79.3,0.0
2021-04-29 03:00:00-04:00,Toledo (GPRS),NE,10.6,0.9,-17.0,24.8,655.2,0.0
2021-04-29 03:00:00-04:00,Tomina (GPRS),SE,5.2,11.6,9.2,84.6,797.6,0.0
2021-04-29 03:00:00-04:00,Villa Alcalá (GPRS),E,3.2,10.3,10.2,98.3,802.0,0.0
2021-04-29 03:00:00-04:00,Villa Serrano (GPRS),S,0.0,9.5,9.6,100.0,798.0,0.0
2021-04-29 03:00:00-04:00,Viru Viru,S,10.0,20.0,12.0,59.5,973.2,
2021-04-29 03:15:00-04:00,Aroma (GPRS),SSE,0.0,-2.0,-12.1,45.7,653.1,0.0
2021-04-29 03:15:00-04:00,Chachacomani-Batallas (GPRS),E,0.0,-2.1,-3.8,87.4,623.3,0.0
2021-04-29 03:15:00-04:00,Chipayas - GPRS,,78.9,-3.4,,51.4,6.4,0.0
2021-04-29 03:15:00-04:00,El Tranque (GPRS),NNW,0.0,1.3,1.2,98.6,711.6,0.0
2021-04-29 03:15:00-04:00,El Villar (GPRS),ENE,2.6,7.8,7.3,95.6,795.7,0.0
2021-04-29 03:15:00-04:00,Incahuasi (GPRS),S,0.4,-0.7,-0.8,98.5,719.7,0.0
2021-04-29 03:15:00-04:00,Ivirgarzama-Senda VI (GPRS),SE,0.4,19.8,15.9,77.5,501.8,0.0
2021-04-29 03:15:00-04:00,Laykakota-GPRS,,,6.1,,94.8,,0.0
2021-04-29 03:15:00-04:00,San Roque - El Alto (GPRS),NW,0.0,3.4,2.4,93.0,633.6,0.0
2021-04-29 03:15:00-04:00,Sucre - GPRS,,0.9,7.4,,-44.5,80.4,0.0
2021-04-29 03:15:00-04:00,Toledo (GPRS),NE,8.4,0.3,-16.0,28.1,655.2,0.0
2021-04-29 03:15:00-04:00,Tomina (GPRS),ESE,6.0,11.4,9.3,86.0,797.4,0.0
2021-04-29 03:15:00-04:00,Villa Alcalá (GPRS),E,0.7,10.4,10.2,98.2,802.0,0.0
2021-04-29 03:15:00-04:00,Villa Serrano (GPRS),S,0.0,9.5,9.6,100.0,797.8,0.0
2021-04-29 03:30:00-04:00,Aroma (GPRS),SSE,0.0,-1.6,-11.8,45.4,653.1,0.0
2021-04-29 03:30:00-04:00,Chachacomani-Batallas (GPRS),SSE,0.0,-2.6,-3.9,90.3,623.3,0.0
2021-04-29 03:30:00-04:00,Chipayas - GPRS,,15.5,-3.7,,53.6,4.7,0.0
2021-04-29 03:30:00-04:00,El Tranque (GPRS),N,0.0,1.4,1.1,97.6,711.5,0.0
2021-04-29 03:30:00-04:00,El Villar (GPRS),NNW,0.0,7.2,7.1,98.2,795.6,0.0
2021-04-29 03:30:00-04:00,Incahuasi (GPRS),S,0.4,-0.3,-0.4,98.9,719.7,0.0
2021-04-29 03:30:00-04:00,Ivirgarzama-Senda VI (GPRS),E,0.4,19.7,15.6,76.6,501.8,0.0
2021-04-29 03:30:00-04:00,Laykakota-GPRS,,,6.0,,95.4,,0.0
2021-04-29 03:30:00-04:00,San Roque - El Alto (GPRS),NW,0.0,2.9,1.8,92.3,633.7,0.0
2021-04-29 03:30:00-04:00,Sucre - GPRS,,1.0,7.3,,-43.2,80.8,0.0
2021-04-29 03:30:00-04:00,Toledo (GPRS),NE,5.3,-0.2,-15.9,29.4,655.3,0.0
2021-04-29 03:30:00-04:00,Tomina (GPRS),SE,3.5,11.5,9.3,86.1,797.4,0.0
2021-04-29 03:30:00-04:00,Villa Alcalá (GPRS),E,2.9,10.3,10.2,98.4,802.0,0.0
2021-04-29 03:30:00-04:00,Villa Serrano (GPRS),S,0.0,9.5,9.6,100.0,797.8,0.0
2021-04-29 03:45:00-04:00,Aroma (GPRS),SSE,0.0,-2.0,-12.3,45.0,653.2,0.0
2021-04-29 03:45:00-04:00,Chachacomani-Batallas (GPRS),NW,4.4,-2.7,-3.9,90.9,623.3,0.0
2021-04-29 03:45:00-04:00,Chipayas - GPRS,,24.1,-4.2,,54.7,3.8,0.0
2021-04-29 03:45:00-04:00,El Tranque (GPRS),ENE,0.0,1.3,0.8,95.8,711.5,0.0
2021-04-29 03:45:00-04:00,El Villar (GPRS),ENE,0.0,7.8,7.7,98.5,795.5,0.0
2021-04-29 03:45:00-04:00,Incahuasi (GPRS),ENE,0.4,-0.1,-0.1,99.2,719.7,0.0
2021-04-29 03:45:00-04:00,Ivirgarzama-Senda VI (GPRS),ESE,0.4,19.6,15.4,76.3,501.8,0.0
2021-04-29 03:45:00-04:00,Laykakota-GPRS,,,5.8,,96.3,,0.0
2021-04-29 03:45:00-04:00,San Roque - El Alto (GPRS),N,0.0,3.0,2.0,92.2,633.6,0.0
2021-04-29 03:45:00-04:00,Sucre - GPRS,,0.5,7.1,,-44.9,81.0,0.0
2021-04-29 03:45:00-04:00,Toledo (GPRS),ENE,2.7,-0.2,-15.3,30.9,655.5,0.0
2021-04-29 03:45:00-04:00,Tomina (GPRS),ESE,4.3,11.4,9.4,86.6,797.5,0.0
2021-04-29 03:45:00-04:00,Villa Alcalá (GPRS),SE,3.9,10.2,9.9,97.2,802.0,0.0
2021-04-29 03:45:00-04:00,Villa Serrano (GPRS),SSW,0.0,9.4,9.6,100.0,797.7,0.0
2021-04-29 04:00:00-04:00,Aroma (GPRS),SSE,0.0,-2.6,-12.4,46.7,653.2,0.0
2021-04-29 04:00:00-04:00,Chachacomani-Batallas (GPRS),NW,4.0,-1.5,-3.7,84.0,623.2,0.0
2021-04-29 04:00:00-04:00,Chipayas - GPRS,,76.2,-4.7,,55.0,2.5,0.0
2021-04-29 04:00:00-04:00,Cochabamba,WNW,3.0,14.0,8.0,66.6,752.2,
2021-04-29 04:00:00-04:00,El Alto,E,5.0,3.0,2.0,92.5,629.6,
2021-04-29 04:00:00-04:00,El Tranque (GPRS),NE,0.0,1.1,0.8,97.0,711.4,0.0
2021-04-29 04:00:00-04:00,El Villar (GPRS),NE,0.0,7.7,7.6,98.5,795.6,0.0
2021-04-29 04:00:00-04:00,Incahuasi (GPRS),NW,0.4,-0.8,-0.9,98.7,719.8,0.0
2021-04-29 04:00:00-04:00,Ivirgarzama-Senda VI (GPRS),ESE,0.4,19.6,15.2,75.6,501.8,0.0
2021-04-29 04:00:00-04:00,Laykakota-GPRS,,,5.7,,96.5,,0.0
2021-04-29 04:00:00-04:00,San Roque - El Alto (GPRS),NNE,0.0,3.0,1.8,91.3,633.4,0.0
2021-04-29 04:00:00-04:00,Sucre - GPRS,,0.5,7.1,,-44.7,81.8,0.0
2021-04-29 04:00:00-04:00,Toledo (GPRS),NE,8.1,-0.4,-15.2,31.6,655.5,0.0
2021-04-29 04:00:00-04:00,Tomina (GPRS),SE,4.2,11.4,9.2,85.6,797.4,0.0
2021-04-29 04:00:00-04:00,Villa Alcalá (GPRS),SE,4.3,9.8,9.4,97.0,802.0,0.0
2021-04-29 04:00:00-04:00,Villa Serrano (GPRS),SSW,0.0,9.4,9.5,100.0,797.8,0.0
2021-04-29 04:00:00-04:00,Viru Viru,S,11.0,18.0,11.0,63.1,973.2,
2021-04-29 04:15:00-04:00,Aroma (GPRS),SSE,0.0,-4.3,-13.0,50.5,653.2,0.0
2021-04-29 04:15:00-04:00,Chachacomani-Batallas (GPRS),ESE,0.0,-2.4,-4.1,87.4,623.3,0.0
2021-04-29 04:15:00-04:00,Chipayas - GPRS,,248.8,-4.9,,56.3,3.9,0.0
2021-04-29 04:15:00-04:00,El Tranque (GPRS),ENE,0.0,0.9,0.5,96.5,711.5,0.0
2021-04-29 04:15:00-04:00,El Villar (GPRS),SE,0.0,7.8,7.9,99.5,795.5,0.0
2021-04-29 04:15:00-04:00,Incahuasi (GPRS),NW,0.4,-1.2,-1.3,98.8,719.8,0.0
2021-04-29 04:15:00-04:00,Ivirgarzama-Senda VI (GPRS),E,0.4,19.5,15.1,75.4,501.8,0.0
2021-04-29 04:15:00-04:00,Laykakota-GPRS,,,5.8,,96.0,,0.0
2021-04-29 04:15:00-04:00,San Roque - El Alto (GPRS),NW,0.0,2.9,1.7,91.2,633.5,0.0
2021-04-29 04:15:00-04:00,Sucre - GPRS,,0.7,7.1,,-43.8,82.5,0.0
2021-04-29 04:15:00-04:00,Toledo (GPRS),NNE,8.0,-0.5,-15.6,30.6,655.6,0.0
2021-04-29 04:15:00-04:00,Tomina (GPRS),S,0.0,11.5,9.0,84.1,797.2,0.0
2021-04-29 04:15:00-04:00,Villa Alcalá (GPRS),SE,3.7,10.1,9.9,97.8,802.0,0.0
2021-04-29 04:15:00-04:00,Villa Serrano (GPRS),SSW,0.0,9.4,9.5,100.0,797.7,0.0
2021-04-29 04:30:00-04:00,Aroma (GPRS),SSE,0.0,-4.0,-13.4,47.8,653.2,0.0
2021-04-29 04:30:00-04:00,Chachacomani-Batallas (GPRS),NNW,2.9,-1.9,-3.8,86.0,623.2,0.0
2021-04-29 04:30:00-04:00,Chipayas - GPRS,,238.2,-5.1,,57.0,6.7,0.0
2021-04-29 04:30:00-04:00,El Tranque (GPRS),NE,0.0,0.7,0.5,97.8,711.5,0.0
2021-04-29 04:30:00-04:00,El Villar (GPRS),SSE,0.0,7.7,7.6,98.6,795.4,0.0
2021-04-29 04:30:00-04:00,Incahuasi (GPRS),WNW,0.4,-1.2,-1.3,99.1,719.9,0.0
2021-04-29 04:30:00-04:00,Ivirgarzama-Senda VI (GPRS),ESE,0.4,19.5,15.0,75.1,501.8,0.0
2021-04-29 04:30:00-04:00,Laykakota-GPRS,,,5.7,,96.0,,0.0
2021-04-29 04:30:00-04:00,San Roque - El Alto (GPRS),SE,0.0,3.1,2.1,92.6,633.5,0.0
2021-04-29 04:30:00-04:00,Sucre - GPRS,,0.8,6.9,,-43.6,83.3,0.0
2021-04-29 04:30:00-04:00,Toledo (GPRS),NE,9.4,-1.0,-14.6,34.5,655.5,0.0
2021-04-29 04:30:00-04:00,Tomina (GPRS),SSW,2.9,11.6,8.9,83.3,797.1,0.0
2021-04-29 04:30:00-04:00,Villa Alcalá (GPRS),E,3.9,10.3,10.0,97.2,802.0,0.0
2021-04-29 04:30:00-04:00,Villa Serrano (GPRS),NW,0.0,9.5,9.7,100.0,797.7,0.0
2021-04-29 04:45:00-04:00,Aroma (GPRS),SSE,0.0,-4.4,-13.3,49.8,653.2,0.0
2021-04-29 04:45:00-04:00,Chachacomani-Batallas (GPRS),WNW,3.7,-2.2,-3.6,89.2,623.2,0.0
2021-04-29 04:45:00-04:00,Chipayas - GPRS,,242.5,-5.4,,58.6,6.3,0.0
2021-04-29 04:45:00-04:00,El Tranque (GPRS),NE,0.0,0.6,0.3,97.1,711.6,0.0
2021-04-29 04:45:00-04:00,El Villar (GPRS),SSE,0.0,8.0,7.9,98.7,795.5,0.0
2021-04-29 04:45:00-04:00,Incahuasi (GPRS),W,0.4,-1.6,-1.7,98.8,719.9,0.0
2021-04-29 04:45:00-04:00,Ivirgarzama-Senda VI (GPRS),ESE,0.4,19.5,15.0,75.0,501.8,0.0
2021-04-29 04:45:00-04:00,Laykakota-GPRS,,,5.7,,95.3,,0.0
2021-04-29 04:45:00-04:00,San Roque - El Alto (GPRS),E,0.0,2.8,2.1,94.5,633.5,0.0
2021-04-29 04:45:00-04:00,Sucre - GPRS,,0.8,6.8,,-42.7,84.1,0.0
2021-04-29 04:45:00-04:00,Toledo (GPRS),ENE,4.2,-1.7,-14.4,37.1,655.6,0.0
2021-04-29 04:45:00-04:00,Tomina (GPRS),SSW,1.8,11.5,8.5,81.3,797.2,0.0
2021-04-29 04:45:00-04:00,Villa Alcalá (GPRS),ESE,0.9,10.2,9.9,97.1,802.0,0.0
2021-04-29 04:45:00-04:00,Villa Serrano (GPRS),W,0.0,8.9,9.0,100.0,797.6,0.0
2021-04-29 05:00:00-04:00,Aroma (GPRS),SSE,0.0,-5.6,-14.3,50.1,653.2,0.0
2021-04-29 05:00:00-04:00,Chachacomani-Batallas (GPRS),W,0.0,-3.0,-3.3,97.3,623.2,0.0
2021-04-29 05:00:00-04:00,Chipayas - GPRS,,266.5,-5.5,,59.6,4.9,0.0
2021-04-29 05:00:00-04:00,Cochabamba,NNW,4.0,14.0,8.0,66.6,752.2,
2021-04-29 05:00:00-04:00,El Alto,ESE,5.0,2.0,1.0,92.4,629.6,
2021-04-29 05:00:00-04:00,El Tranque (GPRS),ESE,0.0,0.8,0.4,96.2,711.6,0.0
2021-04-29 05:00:00-04:00,El Villar (GPRS),WNW,0.0,8.2,8.0,97.8,795.6,0.0
2021-04-29 05:00:00-04:00,Incahuasi (GPRS),ENE,0.8,-2.1,-2.1,99.0,720.0,0.0
2021-04-29 05:00:00-04:00,Ivirgarzama-Senda VI (GPRS),ESE,0.4,19.6,15.0,74.6,501.8,0.0
2021-04-29 05:00:00-04:00,Laykakota-GPRS,,,5.7,,94.7,,0.0
2021-04-29 05:00:00-04:00,San Roque - El Alto (GPRS),S,0.0,2.6,2.1,95.5,633.7,0.0
2021-04-29 05:00:00-04:00,Sucre - GPRS,,0.5,6.7,,-42.8,84.4,0.0
2021-04-29 05:00:00-04:00,Toledo (GPRS),ENE,5.4,-2.6,-14.3,39.9,655.7,0.0
2021-04-29 05:00:00-04:00,Tomina (GPRS),SE,2.0,11.4,9.0,84.3,797.1,0.0
2021-04-29 05:00:00-04:00,Trinidad,SE,6.0,20.0,17.0,82.1,996.4,
2021-04-29 05:00:00-04:00,Villa Alcalá (GPRS),SE,4.0,10.3,9.9,96.9,802.0,0.0
2021-04-29 05:00:00-04:00,Villa Serrano (GPRS),SSE,0.0,8.2,8.3,100.0,797.6,0.0
2021-04-29 05:00:00-04:00,Viru Viru,S,11.0,18.0,11.0,63.1,973.2,
2021-04-29 05:15:00-04:00,Aroma (GPRS),SSE,0.0,-5.9,-14.3,51.5,653.2,0.0
2021-04-29 05:15:00-04:00,Chachacomani-Batallas (GPRS),WNW,0.0,-3.0,-3.1,98.4,623.3,0.0
2021-04-29 05:15:00-04:00,Chipayas - GPRS,,289.5,-6.1,,61.2,3.0,0.0
2021-04-29 05:15:00-04:00,El Tranque (GPRS),NE,0.0,0.4,-0.3,94.6,711.7,0.0
2021-04-29 05:15:00-04:00,El Villar (GPRS),WNW,0.0,8.5,8.1,96.7,795.5,0.0
2021-04-29 05:15:00-04:00,Incahuasi (GPRS),NE,0.4,-1.7,-1.8,98.9,719.9,0.0
2021-04-29 05:15:00-04:00,Ivirgarzama-Senda VI (GPRS),ESE,0.4,19.6,15.0,74.6,501.8,0.0
2021-04-29 05:15:00-04:00,Laykakota-GPRS,,,5.7,,95.3,,0.0
2021-04-29 05:15:00-04:00,San Roque - El Alto (GPRS),S,0.0,2.7,2.1,95.3,633.8,0.0
2021-04-29 05:15:00-04:00,Sucre - GPRS,,0.3,6.5,,-39.6,85.2,0.0
2021-04-29 05:15:00-04:00,Toledo (GPRS),E,5.5,-3.2,-14.5,41.0,655.8,0.0
2021-04-29 05:15:00-04:00,Tomina (GPRS),ESE,3.0,11.0,8.9,86.3,797.3,0.0
2021-04-29 05:15:00-04:00,Villa Alcalá (GPRS),SE,3.2,10.4,10.0,96.7,802.0,0.0
2021-04-29 05:15:00-04:00,Villa Serrano (GPRS),SE,0.0,7.6,7.7,100.0,797.6,0.0
2021-04-29 05:30:00-04:00,Aroma (GPRS),SSE,0.0,-4.7,-13.1,51.7,653.3,0.0
2021-04-29 05:30:00-04:00,Chachacomani-Batallas (GPRS),S,0.0,-2.8,-3.0,98.0,623.5,0.0
2021-04-29 05:30:00-04:00,Chipayas - GPRS,,297.4,-6.4,,62.1,3.8,0.0
2021-04-29 05:30:00-04:00,El Tranque (GPRS),NW,0.0,0.3,-0.4,94.8,711.7,0.0
2021-04-29 05:30:00-04:00,El Villar (GPRS),WNW,0.0,8.6,8.1,95.8,795.6,0.0
2021-04-29 05:30:00-04:00,Incahuasi (GPRS),W,0.4,-2.1,-2.1,99.3,720.0,0.0
2021-04-29 05:30:00-04:00,Ivirgarzama-Senda VI (GPRS),ESE,0.4,19.5,15.0,74.7,501.8,0.0
2021-04-29 05:30:00-04:00,Laykakota-GPRS,,,5.6,,95.0,,0.0
2021-04-29 05:30:00-04:00,San Roque - El Alto (GPRS),ESE,0.0,2.6,2.0,95.3,633.7,0.0
2021-04-29 05:30:00-04:00,Sucre - GPRS,,0.2,6.2,,-36.8,85.3,0.0
2021-04-29 05:30:00-04:00,Toledo (GPRS),ENE,5.2,-3.1,-14.4,41.1,655.9,0.0
2021-04-29 05:30:00-04:00,Tomina (GPRS),SSE,1.7,10.5,8.8,88.5,797.5,0.0
2021-04-29 05:30:00-04:00,Villa Alcalá (GPRS),SE,3.6,10.3,9.9,96.7,802.0,0.0
2021-04-29 05:30:00-04:00,Villa Serrano (GPRS),SE,0.0,7.7,7.9,100.0,797.7,0.0
2021-04-29 05:45:00-04:00,Aroma (GPRS),SSE,0.0,-4.6,-13.3,50.1,653.4,0.0
2021-04-29 05:45:00-04:00,Chachacomani-Batallas (GPRS),SE,0.0,-2.0,-2.2,97.8,623.6,0.0
2021-04-29 05:45:00-04:00,Chipayas - GPRS,,295.3,-6.1,,57.8,5.2,0.0
2021-04-29 05:45:00-04:00,El Tranque (GPRS),N,0.0,0.7,0.2,95.6,711.8,0.0
2021-04-29 05:45:00-04:00,El Villar (GPRS),N,0.0,8.7,8.1,94.9,795.5,0.0
2021-04-29 05:45:00-04:00,Incahuasi (GPRS),W,0.4,-2.5,-2.6,99.2,720.1,0.0
2021-04-29 05:45:00-04:00,Ivirgarzama-Senda VI (GPRS),ESE,0.4,19.6,15.0,74.4,501.8,0.0
2021-04-29 05:45:00-04:00,Laykakota-GPRS,,,5.5,,94.5,,0.0
2021-04-29 05:45:00-04:00,San Roque - El Alto (GPRS),E,0.0,2.3,1.9,96.1,633.8,0.0
2021-04-29 05:45:00-04:00,Sucre - GPRS,,0.2,6.2,,-31.3,86.2,0.0
2021-04-29 05:45:00-04:00,Toledo (GPRS),NE,3.7,-3.7,-14.7,41.8,656.1,0.0
2021-04-29 05:45:00-04:00,Tomina (GPRS),SE,3.2,9.9,8.5,90.2,797.2,0.0
2021-04-29 05:45:00-04:00,Villa Alcalá (GPRS),SE,4.3,10.2,9.7,95.5,802.0,0.0
2021-04-29 05:45:00-04:00,Villa Serrano (GPRS),SE,0.0,8.4,8.5,100.0,797.7,0.0
2021-04-29 06:00:00-04:00,Aroma (GPRS),SSE,0.0,-5.1,-13.9,49.4,653.5,0.0
2021-04-29 06:00:00-04:00,Camiri,C,0.0,11.0,10.0,92.7,930.9,
2021-04-29 06:00:00-04:00,Chachacomani-Batallas (GPRS),E,0.0,-1.2,-1.6,96.6,623.8,0.0
2021-04-29 06:00:00-04:00,Chipayas - GPRS,,298.6,-6.1,,52.2,5.2,0.0
2021-04-29 06:00:00-04:00,Cobija,SSE,6.0,21.0,17.0,77.2,987.2,
2021-04-29 06:00:00-04:00,Cochabamba,C,0.0,13.0,8.0,71.1,752.9,
2021-04-29 06:00:00-04:00,Concepcion,S,10.0,17.0,13.0,76.6,961.5,
2021-04-29 06:00:00-04:00,El Alto,E,5.0,3.0,1.0,86.1,630.2,
2021-04-29 06:00:00-04:00,El Tranque (GPRS),NNE,0.0,0.2,-0.2,96.4,711.9,0.0
2021-04-29 06:00:00-04:00,El Trompillo,SSE,12.0,18.0,11.0,63.1,969.1,
2021-04-29 06:00:00-04:00,El Villar (GPRS),NNW,1.2,8.7,7.8,92.8,795.7,0.0
2021-04-29 06:00:00-04:00,Incahuasi (GPRS),W,0.4,-2.8,-2.8,99.3,720.3,0.0
2021-04-29 06:00:00-04:00,Ivirgarzama-Senda VI (GPRS),ESE,0.4,19.6,15.0,74.3,501.8,0.0
2021-04-29 06:00:00-04:00,Laykakota-GPRS,,,5.6,,95.3,,0.0
2021-04-29 06:00:00-04:00,Magdalena,ESE,6.0,20.0,17.0,82.1,997.1,
2021-04-29 06:00:00-04:00,Puerto Suarez,C,0.0,15.0,14.0,92.9,1000.9,
2021-04-29 06:00:00-04:00,Reyes,C,0.0,21.0,19.0,87.5,993.2,
2021-04-29 06:00:00-04:00,Robore,C,0.0,15.0,14.0,92.9,990.2,
2021-04-29 06:00:00-04:00,Rurrenabaque,C,0.0,20.0,20.0,99.1,991.7,
2021-04-29 06:00:00-04:00,San Ignacio de Velasco,S,5.0,17.0,13.0,76.6,967.9,
2021-04-29 06:00:00-04:00,San Joaquin,SE,6.0,20.0,19.0,93.1,998.3,
2021-04-29 06:00:00-04:00,San Roque - El Alto (GPRS),E,0.0,2.0,1.6,96.4,633.9,0.0
2021-04-29 06:00:00-04:00,Santa Ana - Yacuma,SSE,5.0,20.0,18.0,87.5,997.6,
2021-04-29 06:00:00-04:00,Sucre - GPRS,,0.3,6.5,,-20.6,86.1,0.0
2021-04-29 06:00:00-04:00,Toledo (GPRS),ENE,5.5,-4.0,-14.9,42.3,656.0,0.0
2021-04-29 06:00:00-04:00,Tomina (GPRS),SE,3.1,9.6,8.3,90.9,797.5,0.0
2021-04-29 06:00:00-04:00,Trinidad,SSE,5.0,20.0,17.0,82.1,997.4,
2021-04-29 06:00:00-04:00,Villa Alcalá (GPRS),ESE,3.1,10.2,9.6,95.7,802.0,0.0
2021-04-29 06:00:00-04:00,Villa Serrano (GPRS),SSE,0.0,8.5,8.6,100.0,798.1,0.0
2021-04-29 06:00:00-04:00,Villamontes,C,0.0,11.0,10.0,92.7,974.2,
2021-04-29 06:00:00-04:00,Viru Viru,S,11.0,18.0,11.0,63.1,974.1,
2021-04-29 06:15:00-04:00,Aroma (GPRS),SSE,0.0,-5.4,-13.7,52.0,653.6,0.0
2021-04-29 06:15:00-04:00,Chipayas - GPRS,,300.5,-6.2,,53.3,4.5,0.0
2021-04-29 06:15:00-04:00,El Tranque (GPRS),NE,0.0,-0.1,-1.0,93.0,712.0,0.0
2021-04-29 06:15:00-04:00,El Villar (GPRS),N,1.7,8.7,7.6,92.2,795.9,0.0
2021-04-29 06:15:00-04:00,Incahuasi (GPRS),W,0.4,-2.9,-2.9,99.4,720.3,0.0
2021-04-29 06:15:00-04:00,Ivirgarzama-Senda VI (GPRS),ESE,0.4,19.7,15.0,74.0,501.8,0.0
2021-04-29 06:15:00-04:00,Laykakota-GPRS,,,5.4,,96.2,,0.0
2021-04-29 06:15:00-04:00,San Roque - El Alto (GPRS),N,0.0,1.2,0.7,95.6,634.1,0.0
2021-04-29 06:15:00-04:00,Sucre - GPRS,,0.3,6.6,,-28.3,85.4,0.0
2021-04-29 06:15:00-04:00,Toledo (GPRS),ENE,6.0,-4.9,-15.3,43.6,656.1,0.0
2021-04-29 06:15:00-04:00,Tomina (GPRS),SE,4.4,9.2,8.1,92.3,797.7,0.0
2021-04-29 06:15:00-04:00,Villa Alcalá (GPRS),SE,4.6,10.1,9.5,95.1,802.0,0.0
2021-04-29 06:15:00-04:00,Villa Serrano (GPRS),SE,0.0,8.5,8.6,100.0,798.1,0.0
2021-04-29 06:30:00-04:00,Aroma (GPRS),SSE,0.0,-6.3,-14.4,52.6,653.8,0.0
2021-04-29 06:30:00-04:00,Chachacomani-Batallas (GPRS),NNE,2.1,-1.2,-1.3,98.5,624.0,0.0
2021-04-29 06:30:00-04:00,Chipayas - GPRS,,304.8,-6.6,,57.1,5.0,0.0
2021-04-29 06:30:00-04:00,El Tranque (GPRS),SSE,0.0,0.0,-0.8,93.5,712.1,0.0
2021-04-29 06:30:00-04:00,El Villar (GPRS),NW,0.0,8.7,7.6,91.7,796.1,0.0
2021-04-29 06:30:00-04:00,Incahuasi (GPRS),S,0.4,-3.1,-3.0,99.6,720.5,0.0
2021-04-29 06:30:00-04:00,Ivirgarzama-Senda VI (GPRS),ESE,0.4,19.7,15.0,74.2,501.8,0.0
2021-04-29 06:30:00-04:00,Laykakota-GPRS,,,5.3,,96.7,,0.0
2021-04-29 06:30:00-04:00,San Roque - El Alto (GPRS),N,0.0,1.2,0.6,95.1,634.1,0.0
2021-04-29 06:30:00-04:00,Sucre - GPRS,,0.2,6.5,,-34.1,85.7,0.0
2021-04-29 06:30:00-04:00,Toledo (GPRS),NE,6.5,-5.4,-15.1,46.3,656.1,0.0
2021-04-29 06:30:00-04:00,Tomina (GPRS),SSE,3.8,8.9,8.1,93.6,797.9,0.0
2021-04-29 06:30:00-04:00,Villa Alcalá (GPRS),SSE,2.4,10.1,9.5,95.8,802.0,0.0
2021-04-29 06:30:00-04:00,Villa Serrano (GPRS),ESE,0.0,8.5,8.6,100.0,798.1,0.0
2021-04-29 06:45:00-04:00,Aroma (GPRS),SSE,0.0,-6.8,-14.5,54.0,653.8,0.0
2021-04-29 06:45:00-04:00,Chachacomani-Batallas (GPRS),ENE,0.0,-1.4,-1.4,98.9,624.1,0.0
2021-04-29 06:45:00-04:00,Chipayas - GPRS,,312.3,-7.1,,58.4,6.0,0.0
2021-04-29 06:45:00-04:00,El Tranque (GPRS),W,0.0,0.2,-0.8,92.6,712.3,0.0
2021-04-29 06:45:00-04:00,El Villar (GPRS),NW,0.0,8.5,7.6,93.3,796.2,0.0
2021-04-29 06:45:00-04:00,Incahuasi (GPRS),SSW,0.4,-3.0,-3.0,99.6,720.8,0.0
2021-04-29 06:45:00-04:00,Ivirgarzama-Senda VI (GPRS),ESE,0.4,19.6,15.0,74.3,501.8,0.0
2021-04-29 06:45:00-04:00,Laykakota-GPRS,,,5.2,,97.1,,0.0
2021-04-29 06:45:00-04:00,San Roque - El Alto (GPRS),N,0.0,0.7,0.1,95.0,634.3,0.0
2021-04-29 06:45:00-04:00,Sucre - GPRS,,0.1,6.3,,-30.1,85.9,0.0
2021-04-29 06:45:00-04:00,Toledo (GPRS),NE,4.5,-5.7,-15.2,46.7,656.5,0.0
2021-04-29 06:45:00-04:00,Tomina (GPRS),SSE,4.2,8.8,8.0,93.5,797.9,0.0
2021-04-29 06:45:00-04:00,Villa Alcalá (GPRS),SE,4.1,9.8,9.4,96.9,803.0,0.0
2021-04-29 06:45:00-04:00,Villa Serrano (GPRS),SE,0.0,8.6,8.7,100.0,798.5,0.0
2021-04-29 07:00:00-04:00,Aroma (GPRS),SSE,0.0,-5.3,-14.6,47.9,654.1,0.0
2021-04-29 07:00:00-04:00,Camiri,C,0.0,10.0,10.0,99.1,931.8,
2021-04-29 07:00:00-04:00,Chachacomani-Batallas (GPRS),NE,0.0,-1.7,-1.8,99.0,501.7,0.0
2021-04-29 07:00:00-04:00,Chipayas - GPRS,,304.3,-6.8,,56.8,6.6,0.0
2021-04-29 07:00:00-04:00,Cobija,SSE,6.0,20.0,18.0,87.5,987.2,
2021-04-29 07:00:00-04:00,Cochabamba,C,0.0,13.0,9.0,76.1,753.7,
2021-04-29 07:00:00-04:00,Concepcion,S,12.0,17.0,13.0,76.6,961.5,
2021-04-29 07:00:00-04:00,El Alto,E,5.0,2.0,2.0,99.3,630.2,
2021-04-29 07:00:00-04:00,El Tranque (GPRS),NNE,0.0,0.0,-0.8,93.1,712.5,0.0
2021-04-29 07:00:00-04:00,El Trompillo,SSE,12.0,17.0,10.0,62.8,970.1,
2021-04-29 07:00:00-04:00,El Villar (GPRS),WNW,0.0,8.3,7.5,93.6,796.4,0.0
2021-04-29 07:00:00-04:00,Incahuasi (GPRS),SSW,0.4,-3.2,-3.1,99.6,720.9,0.0
2021-04-29 07:00:00-04:00,Ivirgarzama-Senda VI (GPRS),ESE,0.4,19.9,15.2,73.7,501.8,0.0
2021-04-29 07:00:00-04:00,Laykakota-GPRS,,,5.3,,97.4,,0.0
2021-04-29 07:00:00-04:00,Magdalena,ESE,6.0,19.0,17.0,87.4,998.1,
2021-04-29 07:00:00-04:00,Oruro,S,3.0,2.0,-5.0,59.4,655.7,
2021-04-29 07:00:00-04:00,Puerto Suarez,S,4.0,15.0,14.0,92.9,1000.9,
2021-04-29 07:00:00-04:00,Reyes,C,0.0,21.0,18.0,82.2,994.2,
2021-04-29 07:00:00-04:00,Riberalta,S,8.0,20.0,18.0,87.5,999.1,
2021-04-29 07:00:00-04:00,Robore,C,0.0,15.0,14.0,92.9,991.1,
2021-04-29 07:00:00-04:00,Rurrenabaque,C,0.0,21.0,18.0,82.2,992.7,
2021-04-29 07:00:00-04:00,San Ignacio de Velasco,S,5.0,17.0,13.0,76.6,967.9,
2021-04-29 07:00:00-04:00,San Joaquin,SSE,8.0,21.0,18.0,82.2,999.3,
2021-04-29 07:00:00-04:00,San Jose de Chiquitos,S,12.0,18.0,11.0,63.1,987.9,
2021-04-29 07:00:00-04:00,San Roque - El Alto (GPRS),ENE,0.0,1.3,0.7,95.0,634.4,0.0
2021-04-29 07:00:00-04:00,Santa Ana - Yacuma,SSE,4.0,20.0,18.0,87.5,997.6,
2021-04-29 07:00:00-04:00,Sucre - GPRS,,0.1,6.3,,-20.8,86.7,0.0
2021-04-29 07:00:00-04:00,Tarija,C,0.0,5.0,4.0,92.5,820.9,
2021-04-29 07:00:00-04:00,Toledo (GPRS),NE,4.4,-3.1,-15.0,39.2,656.5,0.0
2021-04-29 07:00:00-04:00,Tomina (GPRS),SE,3.0,9.0,7.9,92.7,798.0,0.0
2021-04-29 07:00:00-04:00,Trinidad,SE,7.0,20.0,17.0,82.1,998.4,
2021-04-29 07:00:00-04:00,Villa Alcalá (GPRS),ESE,4.1,9.6,9.3,97.0,803.0,0.0
2021-04-29 07:00:00-04:00,Villa Serrano (GPRS),SE,0.0,8.6,8.7,100.0,798.5,0.0
2021-04-29 07:00:00-04:00,Villamontes,C,0.0,10.0,10.0,99.1,975.2,
2021-04-29 07:00:00-04:00,Viru Viru,S,11.0,18.0,11.0,63.1,975.1,
2021-04-29 07:15:00-04:00,Aroma (GPRS),SSE,0.0,-3.7,-14.1,44.1,654.2,0.0
2021-04-29 07:15:00-04:00,Chachacomani-Batallas (GPRS),ESE,1.1,-1.6,-1.8,97.9,624.7,0.0
2021-04-29 07:15:00-04:00,Chipayas - GPRS,,300.4,-6.0,,54.9,7.2,0.0
2021-04-29 07:15:00-04:00,El Tranque (GPRS),NNW,0.0,0.2,-1.3,88.9,712.6,0.0
2021-04-29 07:15:00-04:00,El Villar (GPRS),NNW,3.5,8.3,7.5,94.1,796.5,0.0
2021-04-29 07:15:00-04:00,Incahuasi (GPRS),SSW,0.4,-3.2,-3.2,99.6,720.9,0.0
2021-04-29 07:15:00-04:00,Ivirgarzama-Senda VI (GPRS),ESE,0.4,20.1,15.4,73.9,501.8,0.0
2021-04-29 07:15:00-04:00,Laykakota-GPRS,,,5.3,,96.6,,0.0
2021-04-29 07:15:00-04:00,San Roque - El Alto (GPRS),SSE,0.0,2.3,1.3,92.8,634.6,0.0
2021-04-29 07:15:00-04:00,Sucre - GPRS,,0.3,7.5,,-4.0,84.2,0.0
2021-04-29 07:15:00-04:00,Toledo (GPRS),ENE,4.6,-2.0,-14.4,37.9,656.6,0.0
2021-04-29 07:15:00-04:00,Tomina (GPRS),SE,2.3,9.0,8.0,92.8,798.3,0.0
2021-04-29 07:15:00-04:00,Villa Alcalá (GPRS),ESE,3.2,9.6,9.2,96.8,803.0,0.0
2021-04-29 07:15:00-04:00,Villa Serrano (GPRS),SE,0.0,8.4,8.5,100.0,798.9,0.0
2021-04-29 07:30:00-04:00,Aroma (GPRS),SSE,0.0,-0.7,-13.0,38.5,654.4,0.0
2021-04-29 07:30:00-04:00,Chachacomani-Batallas (GPRS),NE,4.2,-0.2,-0.5,97.7,624.7,0.0
2021-04-29 07:30:00-04:00,Chipayas - GPRS,,283.8,-5.2,,53.2,3.3,0.0
2021-04-29 07:30:00-04:00,El Tranque (GPRS),NNE,0.0,1.8,0.3,89.1,712.7,0.0
2021-04-29 07:30:00-04:00,El Villar (GPRS),NNW,3.2,8.4,7.0,90.3,796.7,0.0
2021-04-29 07:30:00-04:00,Incahuasi (GPRS),SSW,0.4,-2.1,-2.1,99.5,721.0,0.0
2021-04-29 07:30:00-04:00,Ivirgarzama-Senda VI (GPRS),E,0.4,19.9,15.3,74.5,501.8,0.0
2021-04-29 07:30:00-04:00,Laykakota-GPRS,,,5.6,,95.3,,0.0
2021-04-29 07:30:00-04:00,San Roque - El Alto (GPRS),ENE,0.0,3.8,2.4,90.0,634.8,0.0
2021-04-29 07:30:00-04:00,Sucre - GPRS,,0.2,8.3,,25.7,79.5,0.0
2021-04-29 07:30:00-04:00,Toledo (GPRS),NE,5.5,-0.5,-13.7,35.9,656.8,0.0
2021-04-29 07:30:00-04:00,Tomina (GPRS),SSE,1.3,9.4,8.3,91.9,798.7,0.0
2021-04-29 07:30:00-04:00,Villa Alcalá (GPRS),E,1.3,9.6,9.3,97.4,803.0,0.0
2021-04-29 07:30:00-04:00,Villa Serrano (GPRS),E,0.0,8.6,8.7,100.0,799.0,0.0
2021-04-29 07:45:00-04:00,Aroma (GPRS),SSE,0.0,0.0,-12.9,37.0,654.5,0.0
2021-04-29 07:45:00-04:00,Chachacomani-Batallas (GPRS),SE,3.3,0.8,-0.2,92.2,624.8,0.0
2021-04-29 07:45:00-04:00,Chipayas - GPRS,,286.6,-5.2,,55.6,5.3,0.0
2021-04-29 07:45:00-04:00,El Tranque (GPRS),N,0.0,3.8,1.7,85.0,712.9,0.0
2021-04-29 07:45:00-04:00,El Villar (GPRS),N,0.0,9.9,7.6,84.9,796.7,0.0
2021-04-29 07:45:00-04:00,Incahuasi (GPRS),NNW,0.4,-0.9,-1.2,97.4,721.1,0.0
2021-04-29 07:45:00-04:00,Ivirgarzama-Senda VI (GPRS),E,0.4,20.1,15.5,74.2,501.8,0.0
2021-04-29 07:45:00-04:00,Laykakota-GPRS,,,5.7,,93.7,,0.0
2021-04-29 07:45:00-04:00,San Roque - El Alto (GPRS),N,5.4,5.0,2.1,81.5,634.8,0.0
2021-04-29 07:45:00-04:00,Sucre - GPRS,,0.3,9.2,,66.7,75.2,0.0
2021-04-29 07:45:00-04:00,Toledo (GPRS),NE,7.0,1.0,-13.3,33.2,656.9,0.0
2021-04-29 07:45:00-04:00,Tomina (GPRS),ESE,1.7,11.1,8.6,84.2,798.6,0.0
2021-04-29 07:45:00-04:00,Villa Alcalá (GPRS),SE,1.7,10.5,9.7,94.1,803.0,0.0
2021-04-29 07:45:00-04:00,Villa Serrano (GPRS),SE,0.0,9.0,9.1,100.0,799.1,0.0
2021-04-29 08:00:00-04:00,Aroma (GPRS),SSE,0.0,2.2,-12.2,33.3,654.6,0.0
2021-04-29 08:00:00-04:00,Camiri,C,0.0,11.0,11.0,99.1,932.7,
2021-04-29 08:00:00-04:00,Chachacomani-Batallas (GPRS),SSE,3.2,1.1,-0.1,90.8,625.0,0.0
2021-04-29 08:00:00-04:00,Chipayas - GPRS,,310.8,-4.7,,53.4,3.4,0.0
2021-04-29 08:00:00-04:00,Cobija,SSE,5.0,21.0,18.0,82.2,988.2,
2021-04-29 08:00:00-04:00,Cochabamba,C,0.0,14.0,8.0,66.6,753.7,
2021-04-29 08:00:00-04:00,Concepcion,S,12.0,17.0,13.0,76.6,962.4,
2021-04-29 08:00:00-04:00,El Alto,E,5.0,4.0,1.0,80.3,630.9,
2021-04-29 08:00:00-04:00,El Tranque (GPRS),NW,0.0,5.1,0.7,73.1,713.2,0.0
2021-04-29 08:00:00-04:00,El Trompillo,SSE,14.0,18.0,11.0,63.1,971.0,
2021-04-29 08:00:00-04:00,El Villar (GPRS),N,0.8,10.8,7.8,81.5,796.7,0.0
2021-04-29 08:00:00-04:00,Incahuasi (GPRS),WNW,0.4,-0.2,-0.9,94.6,721.3,0.0
2021-04-29 08:00:00-04:00,Ivirgarzama-Senda VI (GPRS),E,0.4,20.2,15.6,74.5,501.8,0.0
2021-04-29 08:00:00-04:00,Laykakota-GPRS,,,5.8,,93.4,,0.0
2021-04-29 08:00:00-04:00,Magdalena,ESE,8.0,22.0,16.0,68.2,999.1,
2021-04-29 08:00:00-04:00,Oruro,SSW,3.0,2.0,-4.0,64.0,657.0,
2021-04-29 08:00:00-04:00,Puerto Suarez,S,4.0,16.0,15.0,92.9,1001.9,
2021-04-29 08:00:00-04:00,Reyes,C,0.0,22.0,17.0,72.6,995.2,
2021-04-29 08:00:00-04:00,Riberalta,S,10.0,21.0,17.0,77.2,999.1,
2021-04-29 08:00:00-04:00,Robore,C,0.0,17.0,14.0,81.8,991.1,
2021-04-29 08:00:00-04:00,Rurrenabaque,C,0.0,22.0,16.0,68.2,993.7,
2021-04-29 08:00:00-04:00,San Ignacio de Velasco,S,6.0,17.0,14.0,81.8,968.9,
2021-04-29 08:00:00-04:00,San Joaquin,SE,6.0,20.0,17.0,82.1,999.3,
2021-04-29 08:00:00-04:00,San Jose de Chiquitos,S,12.0,20.0,13.0,63.5,988.9,
2021-04-29 08:00:00-04:00,San Roque - El Alto (GPRS),NNE,5.2,6.4,2.5,75.8,634.9,0.0
2021-04-29 08:00:00-04:00,Santa Ana - Yacuma,SSE,5.0,20.0,18.0,87.5,997.6,
2021-04-29 08:00:00-04:00,Sucre - GPRS,,0.3,9.8,,127.6,72.1,0.0
2021-04-29 08:00:00-04:00,Tarija,C,0.0,7.0,6.0,92.6,821.7,
2021-04-29 08:00:00-04:00,Toledo (GPRS),NE,6.5,2.0,-12.9,32.1,657.1,0.0
2021-04-29 08:00:00-04:00,Tomina (GPRS),NE,1.9,12.0,8.7,79.6,798.8,0.0
2021-04-29 08:00:00-04:00,Trinidad,SE,10.0,21.0,16.0,72.4,999.4,
2021-04-29 08:00:00-04:00,Villa Alcalá (GPRS),SE,2.5,12.9,11.0,87.6,803.0,0.0
2021-04-29 08:00:00-04:00,Villa Serrano (GPRS),ESE,0.0,9.5,9.4,98.9,799.1,0.0
2021-04-29 08:00:00-04:00,Villamontes,C,0.0,13.0,12.0,92.8,975.2,
2021-04-29 08:00:00-04:00,Viru Viru,S,11.0,18.0,10.0,59.0,976.1,
2021-04-29 08:00:00-04:00,Yacuiba,C,0.0,16.0,14.0,87.2,947.1,
2021-04-29 08:15:00-04:00,Aroma (GPRS),SSE,0.0,2.7,-12.2,32.5,654.7,0.0
2021-04-29 08:15:00-04:00,Chachacomani-Batallas (GPRS),S,0.0,1.9,0.3,88.6,625.1,0.0
2021-04-29 08:15:00-04:00,Chipayas - GPRS,,306.0,-3.4,,48.0,3.9,0.0
2021-04-29 08:15:00-04:00,Cruce Culta (GPRS),SE,0.0,3.4,-2.7,63.9,626.7,0.0
2021-04-29 08:15:00-04:00,El Tranque (GPRS),NNE,0.0,5.2,-0.1,68.1,713.1,0.0
2021-04-29 08:15:00-04:00,El Villar (GPRS),NNW,0.0,12.1,8.2,76.7,796.9,0.0
2021-04-29 08:15:00-04:00,Incahuasi (GPRS),W,0.4,0.4,-0.7,91.9,721.4,0.0
2021-04-29 08:15:00-04:00,Ivirgarzama-Senda VI (GPRS),E,0.4,20.2,15.6,74.4,501.8,0.0
2021-04-29 08:15:00-04:00,Laykakota-GPRS,,,6.2,,91.1,,0.0
2021-04-29 08:15:00-04:00,San Roque - El Alto (GPRS),E,1.0,6.9,2.8,74.2,635.1,0.0
2021-04-29 08:15:00-04:00,Sucre - GPRS,,0.4,10.3,,173.0,69.7,0.0
2021-04-29 08:15:00-04:00,Toledo (GPRS),NE,4.8,3.4,-12.2,30.7,657.0,0.0
2021-04-29 08:15:00-04:00,Tomina (GPRS),NNE,2.1,12.4,8.7,77.8,799.0,0.0
2021-04-29 08:15:00-04:00,Villa Alcalá (GPRS),SE,1.8,15.4,11.4,76.5,804.0,0.0
2021-04-29 08:15:00-04:00,Villa Serrano (GPRS),S,0.0,9.8,9.2,95.5,799.3,0.0
2021-04-29 08:30:00-04:00,Aroma (GPRS),SSE,0.0,3.7,-12.5,29.4,654.8,0.0
2021-04-29 08:30:00-04:00,Chachacomani-Batallas (GPRS),SSW,6.3,2.9,1.2,87.9,625.2,0.0
2021-04-29 08:30:00-04:00,Chipayas - GPRS,,300.9,-1.8,,39.8,4.1,0.0
2021-04-29 08:30:00-04:00,Cruce Culta (GPRS),E,0.0,4.9,-1.9,60.8,627.0,0.0
2021-04-29 08:30:00-04:00,El Tranque (GPRS),ENE,0.0,5.1,0.4,70.8,713.1,0.0
2021-04-29 08:30:00-04:00,El Villar (GPRS),W,0.0,12.1,7.9,74.6,796.9,0.0
2021-04-29 08:30:00-04:00,Incahuasi (GPRS),WNW,0.4,2.1,0.8,90.7,721.3,0.0
2021-04-29 08:30:00-04:00,Ivirgarzama-Senda VI (GPRS),E,0.4,20.5,15.9,74.4,501.8,0.0
2021-04-29 08:30:00-04:00,Laykakota-GPRS,,,6.7,,88.3,,0.0
2021-04-29 08:30:00-04:00,San Roque - El Alto (GPRS),NNE,1.9,7.2,2.7,72.6,635.2,0.0
2021-04-29 08:30:00-04:00,Sucre - GPRS,,0.8,10.7,,229.4,68.2,0.0
2021-04-29 08:30:00-04:00,Toledo (GPRS),NNE,5.5,3.8,-12.3,29.5,657.2,0.0
2021-04-29 08:30:00-04:00,Tomina (GPRS),ENE,3.1,13.3,9.1,74.8,799.1,0.0
2021-04-29 08:30:00-04:00,Villa Alcalá (GPRS),NE,1.0,15.6,10.7,71.8,804.0,0.0
2021-04-29 08:30:00-04:00,Villa Serrano (GPRS),E,0.0,10.2,9.2,92.3,799.3,0.0
2021-04-29 08:45:00-04:00,Aroma (GPRS),SSE,0.0,4.4,-13.0,26.8,654.7,0.0
2021-04-29 08:45:00-04:00,Chachacomani-Batallas (GPRS),SSW,2.5,1.8,0.6,91.3,625.2,0.0
2021-04-29 08:45:00-04:00,Chipayas - GPRS,,297.2,-0.3,,34.4,4.7,0.0
2021-04-29 08:45:00-04:00,Cruce Culta (GPRS),ESE,0.0,4.5,-2.3,60.9,626.8,0.0
2021-04-29 08:45:00-04:00,El Tranque (GPRS),NE,0.0,5.6,0.5,69.2,713.1,0.0
2021-04-29 08:45:00-04:00,El Villar (GPRS),NNE,0.0,12.4,7.7,72.8,797.0,0.0
2021-04-29 08:45:00-04:00,Incahuasi (GPRS),N,0.4,3.5,1.3,84.7,721.3,0.0
2021-04-29 08:45:00-04:00,Ivirgarzama-Senda VI (GPRS),E,0.4,20.6,16.3,75.9,501.8,0.0
2021-04-29 08:45:00-04:00,Laykakota-GPRS,,,6.8,,85.7,,0.0
2021-04-29 08:45:00-04:00,San Roque - El Alto (GPRS),E,2.0,8.2,2.0,64.4,635.1,0.0
2021-04-29 08:45:00-04:00,Sucre - GPRS,,0.9,11.5,,282.7,66.0,0.0
2021-04-29 08:45:00-04:00,Toledo (GPRS),NE,8.4,4.7,-12.7,26.9,657.3,0.0
2021-04-29 08:45:00-04:00,Tomina (GPRS),NNE,4.3,13.8,9.0,72.2,799.1,0.0
2021-04-29 08:45:00-04:00,Villa Alcalá (GPRS),ENE,3.5,16.3,11.1,70.9,803.0,0.0
2021-04-29 08:45:00-04:00,Villa Serrano (GPRS),SSE,0.0,10.7,9.0,88.3,799.4,0.0
2021-04-29 09:00:00-04:00,Aroma (GPRS),SSE,0.0,5.0,-13.5,24.7,654.7,0.0
2021-04-29 09:00:00-04:00,Camiri,C,0.0,14.0,12.0,87.0,932.7,
2021-04-29 09:00:00-04:00,Chachacomani-Batallas (GPRS),SSW,0.0,3.5,1.2,84.2,625.4,0.0
2021-04-29 09:00:00-04:00,Chipayas - GPRS,,290.6,0.8,,30.3,3.8,0.0
2021-04-29 09:00:00-04:00,Cobija,SSE,6.0,22.0,18.0,77.4,989.2,
2021-04-29 09:00:00-04:00,Cochabamba,C,0.0,15.0,7.0,58.4,753.7,
2021-04-29 09:00:00-04:00,Concepcion,S,12.0,19.0,13.0,67.6,962.4,
2021-04-29 09:00:00-04:00,Cruce Culta (GPRS),ENE,0.0,5.0,-1.7,61.4,626.8,0.0
2021-04-29 09:00:00-04:00,El Alto,E,6.0,5.0,1.0,74.8,631.6,
2021-04-29 09:00:00-04:00,El Tranque (GPRS),N,0.0,6.5,0.7,66.1,713.2,0.0
2021-04-29 09:00:00-04:00,El Trompillo,SSE,15.0,19.0,11.0,59.2,972.0,
2021-04-29 09:00:00-04:00,El Villar (GPRS),E,0.0,12.9,8.1,72.0,797.1,0.0
2021-04-29 09:00:00-04:00,Incahuasi (GPRS),NNW,0.4,6.5,2.3,74.1,721.3,0.0
2021-04-29 09:00:00-04:00,Ivirgarzama-Senda VI (GPRS),E,0.4,20.8,16.8,77.4,501.8,0.0
2021-04-29 09:00:00-04:00,Laykakota-GPRS,,,6.9,,84.0,,0.0
2021-04-29 09:00:00-04:00,Magdalena,SE,10.0,23.0,16.0,64.1,999.1,
2021-04-29 09:00:00-04:00,Oruro,C,0.0,5.0,-3.0,55.9,657.0,
2021-04-29 09:00:00-04:00,Puerto Suarez,C,0.0,20.0,17.0,82.1,1001.9,
2021-04-29 09:00:00-04:00,Reyes,C,0.0,22.0,16.0,68.2,996.2,
2021-04-29 09:00:00-04:00,Riberalta,S,12.0,23.0,17.0,68.3,1000.1,
2021-04-29 09:00:00-04:00,Robore,C,0.0,18.0,15.0,81.9,991.1,
2021-04-29 09:00:00-04:00,Rurrenabaque,C,0.0,22.0,19.0,82.4,994.7,
2021-04-29 09:00:00-04:00,San Ignacio de Velasco,C,0.0,18.0,14.0,76.8,968.9,
2021-04-29 09:00:00-04:00,San Joaquin,SE,10.0,21.0,17.0,77.2,1000.3,
2021-04-29 09:00:00-04:00,San Jose de Chiquitos,S,10.0,21.0,13.0,59.7,988.9,
2021-04-29 09:00:00-04:00,San Roque - El Alto (GPRS),E,1.2,8.6,2.5,65.0,635.2,0.0
2021-04-29 09:00:00-04:00,Santa Ana - Yacuma,SSE,5.0,21.0,18.0,82.2,999.6,
2021-04-29 09:00:00-04:00,Sucre - GPRS,,1.0,11.6,,332.2,64.4,0.0
2021-04-29 09:00:00-04:00,Tarija,C,0.0,12.0,8.0,75.9,821.7,
2021-04-29 09:00:00-04:00,Toledo (GPRS),NE,4.4,5.5,-12.6,25.8,657.5,0.0
2021-04-29 09:00:00-04:00,Tomina (GPRS),NNE,3.5,13.9,9.1,72.4,799.1,0.0
2021-04-29 09:00:00-04:00,Trinidad,SE,10.0,22.0,16.0,68.2,999.4,
2021-04-29 09:00:00-04:00,Villa Alcalá (GPRS),ESE,4.4,15.8,10.1,68.3,804.0,0.0
2021-04-29 09:00:00-04:00,Villa Serrano (GPRS),ENE,0.0,11.8,9.5,84.8,799.4,0.0
2021-04-29 09:00:00-04:00,Villamontes,C,0.0,17.0,14.0,81.8,976.2,
2021-04-29 09:00:00-04:00,Viru Viru,S,13.0,19.0,11.0,59.2,976.1,
2021-04-29 09:00:00-04:00,Yacuiba,C,0.0,19.0,14.0,72.1,947.1,
2021-04-29 09:15:00-04:00,Aroma (GPRS),SSE,0.0,6.5,-13.8,21.9,654.9,0.0
2021-04-29 09:15:00-04:00,Chachacomani-Batallas (GPRS),SSW,2.5,3.5,1.2,84.1,625.5,0.0
2021-04-29 09:15:00-04:00,Chipayas - GPRS,,268.6,2.0,,28.0,2.9,0.0
2021-04-29 09:15:00-04:00,Cruce Culta (GPRS),W,0.0,6.2,-1.6,57.3,626.9,0.0
2021-04-29 09:15:00-04:00,El Tranque (GPRS),N,0.0,6.3,1.2,69.3,713.2,0.0
2021-04-29 09:15:00-04:00,El Villar (GPRS),SW,0.0,13.5,8.6,71.6,797.3,0.0
2021-04-29 09:15:00-04:00,Incahuasi (GPRS),S,1.6,8.0,1.0,61.1,721.4,0.0
2021-04-29 09:15:00-04:00,Ivirgarzama-Senda VI (GPRS),E,0.4,21.0,17.3,78.7,501.8,0.0
2021-04-29 09:15:00-04:00,Laykakota-GPRS,,,7.6,,82.4,,0.0
2021-04-29 09:15:00-04:00,Toledo (GPRS),N,3.3,6.3,-12.6,24.3,657.5,0.0
2021-04-29 09:15:00-04:00,Tomina (GPRS),E,2.1,14.8,9.2,68.8,799.2,0.0
2021-04-29 09:15:00-04:00,Villa Alcalá (GPRS),E,3.2,15.7,9.9,67.9,804.0,0.0
2021-04-29 09:15:00-04:00,Villa Serrano (GPRS),SE,0.0,14.0,9.1,72.0,799.6,0.0
2021-04-29 09:30:00-04:00,Aroma (GPRS),SSE,0.0,7.4,-13.3,21.2,654.8,0.0
2021-04-29 09:30:00-04:00,Chachacomani-Batallas (GPRS),SSW,5.5,4.4,1.5,81.0,625.5,0.0
2021-04-29 09:30:00-04:00,Cruce Culta (GPRS),N,0.0,6.1,-1.7,56.9,626.9,0.0
2021-04-29 09:30:00-04:00,El Tranque (GPRS),NNE,0.0,7.6,1.5,64.8,713.3,0.0
2021-04-29 09:30:00-04:00,El Villar (GPRS),E,0.0,13.3,7.7,68.3,797.1,0.0
2021-04-29 09:30:00-04:00,Incahuasi (GPRS),E,3.5,9.0,1.3,58.3,721.3,0.0
2021-04-29 09:30:00-04:00,Ivirgarzama-Senda VI (GPRS),E,0.4,21.3,18.3,82.6,502.0,0.0
2021-04-29 09:30:00-04:00,Toledo (GPRS),NNW,0.0,6.9,-12.5,23.4,657.5,0.0
2021-04-29 09:30:00-04:00,Tomina (GPRS),NE,3.2,14.7,8.7,66.8,799.3,0.0
2021-04-29 09:30:00-04:00,Villa Alcalá (GPRS),ESE,4.9,17.5,9.9,60.6,804.0,0.0
2021-04-29 09:30:00-04:00,Villa Serrano (GPRS),S,0.0,14.0,10.0,76.5,799.8,0.0
2021-04-29 09:45:00-04:00,Aroma (GPRS),SSE,0.0,7.8,-13.1,21.1,654.9,0.0
2021-04-29 09:45:00-04:00,Chachacomani-Batallas (GPRS),NNE,3.4,5.1,2.5,82.5,625.5,0.0
2021-04-29 09:45:00-04:00,Cruce Culta (GPRS),ENE,0.0,6.6,-1.8,54.5,626.9,0.0
2021-04-29 09:45:00-04:00,El Tranque (GPRS),NNE,0.0,8.2,2.3,66.2,713.3,0.0
2021-04-29 09:45:00-04:00,El Villar (GPRS),ESE,0.0,12.8,7.5,69.3,797.3,0.0
2021-04-29 09:45:00-04:00,Incahuasi (GPRS),S,5.2,10.2,0.1,49.4,721.3,0.0
2021-04-29 09:45:00-04:00,Ivirgarzama-Senda VI (GPRS),E,0.4,21.8,19.1,84.2,502.0,0.0
2021-04-29 09:45:00-04:00,Toledo (GPRS),W,0.0,8.0,-12.3,22.3,657.5,0.0
2021-04-29 09:45:00-04:00,Tomina (GPRS),N,1.1,15.7,8.7,62.4,799.3,0.0
2021-04-29 09:45:00-04:00,Villa Alcalá (GPRS),ENE,1.0,17.8,10.4,61.5,804.0,0.0
2021-04-29 09:45:00-04:00,Villa Serrano (GPRS),N,0.0,14.2,9.1,70.9,799.8,0.0
2021-04-29 10:00:00-04:00,Aroma (GPRS),SSE,0.0,9.5,-13.0,18.9,655.0,0.0
2021-04-29 10:00:00-04:00,Camiri,C,0.0,18.0,13.0,72.0,932.7,
2021-04-29 10:00:00-04:00,Chachacomani-Batallas (GPRS),W,8.4,5.6,1.1,72.4,625.5,0.0
2021-04-29 10:00:00-04:00,Cobija,SSE,10.0,23.0,18.0,72.8,989.2,
2021-04-29 10:00:00-04:00,Cochabamba,W,3.0,18.0,8.0,51.6,754.5,
2021-04-29 10:00:00-04:00,Concepcion,S,12.0,20.0,13.0,63.5,953.8,
2021-04-29 10:00:00-04:00,Cruce Culta (GPRS),NE,0.0,7.7,-1.7,50.8,626.9,0.0
2021-04-29 10:00:00-04:00,El Alto,E,6.0,8.0,2.0,65.4,631.6,
2021-04-29 10:00:00-04:00,El Tranque (GPRS),NNE,0.0,8.4,1.6,61.9,713.3,0.0
2021-04-29 10:00:00-04:00,El Trompillo,SSE,13.0,20.0,11.0,55.7,973.0,
2021-04-29 10:00:00-04:00,El Villar (GPRS),SE,0.5,13.0,6.9,66.1,797.2,0.0
2021-04-29 10:00:00-04:00,Incahuasi (GPRS),S,4.0,10.8,-0.1,46.8,721.3,0.0
2021-04-29 10:00:00-04:00,Ivirgarzama-Senda VI (GPRS),E,0.4,21.9,19.0,83.0,502.0,0.0
2021-04-29 10:00:00-04:00,Magdalena,SE,10.0,24.0,16.0,60.4,1000.1,
2021-04-29 10:00:00-04:00,Oruro,SW,3.0,9.0,-1.0,49.2,657.0,
2021-04-29 10:00:00-04:00,Puerto Suarez,C,0.0,23.0,17.0,68.3,1001.9,
2021-04-29 10:00:00-04:00,Reyes,SE,3.0,23.0,16.0,64.1,996.2,
2021-04-29 10:00:00-04:00,Riberalta,S,12.0,26.0,19.0,64.8,1001.0,
2021-04-29 10:00:00-04:00,Robore,C,0.0,21.0,15.0,68.0,992.1,
2021-04-29 10:00:00-04:00,Rurrenabaque,C,0.0,24.0,19.0,73.0,995.6,
2021-04-29 10:00:00-04:00,San Ignacio de Velasco,S,5.0,21.0,14.0,63.7,969.8,
2021-04-29 10:00:00-04:00,San Joaquin,ESE,12.0,24.0,14.0,53.1,1000.3,
2021-04-29 10:00:00-04:00,San Jose de Chiquitos,S,10.0,24.0,14.0,53.1,988.9,
2021-04-29 10:00:00-04:00,Santa Ana - Yacuma,SSE,8.0,24.0,16.0,60.4,999.6,
2021-04-29 10:00:00-04:00,Tarija,C,0.0,14.0,7.0,62.2,821.7,
2021-04-29 10:00:00-04:00,Toledo (GPRS),NNW,4.9,7.7,-12.5,22.4,657.4,0.0
2021-04-29 10:00:00-04:00,Tomina (GPRS),E,2.1,15.4,8.4,62.3,799.3,0.0
2021-04-29 10:00:00-04:00,Trinidad,SE,11.0,22.0,15.0,63.9,1000.4,
2021-04-29 10:00:00-04:00,Villa Alcalá (GPRS),ENE,2.1,16.8,9.4,61.1,804.0,0.0
2021-04-29 10:00:00-04:00,Villa Serrano (GPRS),E,0.0,16.1,9.9,66.4,799.9,0.0
2021-04-29 10:00:00-04:00,Villamontes,C,0.0,20.0,14.0,67.8,976.2,
2021-04-29 10:00:00-04:00,Viru Viru,SSE,11.0,20.0,11.0,55.7,977.0,
2021-04-29 10:00:00-04:00,Yacuiba,C,0.0,21.0,15.0,68.0,947.1,
