"","estacion","departamento","provincia","municipio","latitud","longitud","altitud","tipo","propietario","financiador"
0,"Trinidad - Aeropuerto","Beni","Cercado","Trinidad",-14.8233,-64.9164,156,"Meteorológica de 2do Orden","AASANA","AASANA"
1,"Charal","Beni","Gral. J. Ballivian","Charal",-15.3381,-67.0522,532,"Meteorológica de 4to Orden","ISOLUX","ISOLUX"
2,"Camp. Reyes","Beni","Gral. J. Ballivian","Reyes",-14.2944,-67.3511,180,"Meteorológica de 4to Orden","China Ravilway International Limited CRCC","China Ravilway International Limited CRCC"
3,"Reyes - Aeropuerto","Beni","Gral. J. Ballivian","Reyes",-14.3042,-67.3533,938,"Meteorológica de 2do Orden","AASANA","AASANA"
4,"Camp. Yucumo","Beni","Gral. J. Ballivian","Rurrenabaque",-15.1544,-67.0331,259,"Meteorológica de 4to Orden","FOPECA","FOPECA"
5,"Rurrenabaque - Aeropuerto","Beni","Gral. J. Ballivian","Rurrenabaque",-14.4294,-67.5028,204,"Meteorológica de 2do Orden","AASANA","AASANA"
6,"San Borja","Beni","Gral. J. Ballivian","San Borja",-14.88,-66.71,198,"Meteorológica de 4to Orden","Asociacion Accidental CCCC","Asociacion Accidental CCCC"
7,"San Borja - Aeropuerto","Beni","Gral. J. Ballivian","San Borja",-14.8583,-66.7386,194,"Meteorológica de 2do Orden","AASANA","AASANA"
8,"Camp. Encerrado","Beni","Gral. J. Ballivian","Santa Rosa",-13.2547,-66.6867,201,"Meteorológica de 4to Orden","China Ravilway International Limited CRCC","China Ravilway International Limited CRCC"
9,"Camp. Santa Rosa","Beni","Gral. J. Ballivian","Santa Rosa",-13.8308,-66.7364,167,"Meteorológica de 4to Orden","China Ravilway International Limited CRCC","China Ravilway International Limited CRCC"
10,"Santa Rosa - Aeropuerto","Beni","Gral. J. Ballivian","Santa Rosa",-14.0661,-66.7867,280,"Meteorológica de 2do Orden","AASANA","AASANA"
11,"Programa 22+050","Beni","Gral. J. Ballivian","Yucumo",-15.2564,-67.0828,923,"Meteorológica de 4to Orden","ISOLUX","ISOLUX"
12,"Baures - Aeropuerto","Beni","Iténez","Baures",-13.5831,-63.5831,144,"Meteorológica de 2do Orden","AASANA","AASANA"
13,"Magdalena - Aeropuerto","Beni","Iténez","Magdalena",-13.2611,-64.0597,141,"Meteorológica de 2do Orden","AASANA","AASANA"
14,"San Joaquin - Aeropuerto","Beni","Mamore","San Joaquin",-13.0472,-64.6658,139,"Meteorológica de 2do Orden","AASANA","AASANA"
15,"San Ramon - Aeropuerto","Beni","Mamore","San Ramón",-13.2644,-64.6056,139,"Meteorológica de 2do Orden","AASANA","AASANA"
16,"San Ignacio de Moxos - Aerop","Beni","Moxos","San Ignacio de Moxos",-14.8019,-65.6322,160,"Meteorológica de 2do Orden","AASANA","AASANA"
17,"Riberalta - Aeropuerto","Beni","Vaca Diez","Riberalta",-11.0067,-66.0761,141,"Meteorológica de 2do Orden","AASANA","AASANA"
18,"San Juan","Beni","Vaca Diez","Riberalta",-11.3067,-66.1986,135,"Meteorológica de 4to Orden","China Ravilway International Limited CRCC","China Ravilway International Limited CRCC"
19,"Santa Ana de Yacuma - Aerop","Beni","Yacuma","Santa Ana de Yacuma",-13.7617,-65.4344,144,"Meteorológica de 2do Orden","AASANA","AASANA"
20,"Azurduy","Chuquisaca","Azurduy","Azurduy",-20.1006,-64.41,2530,"Meteorológica de 1er Orden","SENAMHI","OMM"
21,"Tarvita - GPRS","Chuquisaca","Azurduy","Tarvita",-19.8983,-64.4844,2381,"Meteorológica de 2do Orden","Municipio","Municipio"
22,"Nuevo Mundo","Chuquisaca","B. Boeto","Villa Serrano",-18.9961,-64.2928,2220,"Meteorológica de 4to Orden","SENAMHI","OMM"
23,"Presa Escaleras - GPRS","Chuquisaca","B. Boeto","Villa Serrano",-19.1305,-64.3219,2099,"Meteorológica de 2do Orden","Gobernacion de Chuquisaca","Baanco Mundial"
24,"Urriolagoitia","Chuquisaca","B. Boeto","Villa Serrano",-19.1697,-64.2642,1980,"Meteorológica de 4to Orden","SENAMHI","OMM"
25,"Villa Serrano","Chuquisaca","B. Boeto","Villa Serrano",-19.1183,-64.3225,2108,"Meteorológica de 4to Orden","SENAMHI","OMM"
26,"Villa Serrano - GPRS","Chuquisaca","B. Boeto","Villa Serrano",-19.1164,-64.3331,2101,"Meteorológica de 2do Orden","Municipio","Municipio"
27,"Huacareta - GPRS","Chuquisaca","Hernando Siles","Huacareta",-20.3636,-64.0022,1101,"Meteorológica de 2do Orden","COOPI - Municipio","COOPI - Municipio"
28,"Huacareta - La Galería","Chuquisaca","Hernando Siles","Huacareta",-20.3636,-64.0022,1116,"Meteorológica de 4to Orden","SENAMHI","OMM"
29,"Rosario del Ingre","Chuquisaca","Hernando Siles","Huacareta",-20.5808,-63.8947,912,"Meteorológica de 4to Orden","SENAMHI","OMM"
30,"Ñacamiri - Iguembecito","Chuquisaca","Hernando Siles","Huacareta",-20.7283,-64.0275,860,"Meteorológica de 4to Orden","SENAMHI","OMM"
31,"Huacaya - GPRS","Chuquisaca","Hernando Siles","Huacaya",-20.7439,-63.6639,898,"Meteorológica de 2do Orden","COOPI - Municipio","COOPI - Municipio"
32,"San Miguel del Bañado - GPRS","Chuquisaca","Hernando Siles","Monteagudo",-20.0789,-63.8864,991,"Meteorológica de 1er Orden","SENAMHI","FAO"
33,"Macharety","Chuquisaca","Luis Calvo","Macharety",-20.8136,-63.36,660,"Meteorológica de 4to Orden","SENAMHI","OMM"
34,"Tigüipa","Chuquisaca","Luis Calvo","Macharety",-21.0006,-63.3272,515,"Meteorológica de 4to Orden","SENAMHI","FAO"
35,"Chinimayu - GPRS","Chuquisaca","Nor Cinti","Camargo",-20.4167,-64.9833,3138,"Meteorológica de 2do Orden","PROFIN - Municipio","PROFIN - Municipio"
36,"La Palca - GPRS","Chuquisaca","Nor Cinti","Camargo",-20.7497,-65.2364,2322,"Meteorológica de 2do Orden","Municipio","Municipio"
37,"La Torre","Chuquisaca","Nor Cinti","Camargo",-20.6158,-65.1408,2420,"Meteorológica de 3er Orden","SENAMHI","OMM"
38,"Muyuquiri","Chuquisaca","Nor Cinti","Camargo",-20.4914,-65.1467,3120,"Meteorológica de 4to Orden","SENAMHI","OMM"
39,"Palca Grande","Chuquisaca","Nor Cinti","Camargo",-20.7406,-65.2356,2347,"Meteorológica de 3er Orden","SENAMHI","OMM"
40,"Incahuasi - GPRS","Chuquisaca","Nor Cinti","Incahasi",-20.8,-64.9,2990,"Meteorológica de 2do Orden","PROFIN - Municipio","PROFIN - Municipio"
41,"Presa Yana Khakha - GPRS","Chuquisaca","Nor Cinti","Incahuasi",-20.6846,-64.9563,3060,"Meteorológica de 2do Orden","Gobernacion de Chuquisaca","Baanco Mundial"
42,"Corma - GPRS","Chuquisaca","Nor Cinti","San Lucas",-20.2375,-65.0436,3226,"Meteorológica de 2do Orden","Gobernacion de Chuquisaca","Baanco Mundial"
43,"Padcoyo","Chuquisaca","Nor Cinti","San Lucas",-20.2378,-65.1525,3397,"Meteorológica de 4to Orden","SENAMHI","OMM"
44,"Pulquina - GPRS","Chuquisaca","Nor Cinti","San Lucas",-19.85,-64.7167,2800,"Meteorológica de 2do Orden","SENAMHI","FAO"
45,"San Lucas","Chuquisaca","Nor Cinti","San Lucas",-20.1025,-65.1333,3047,"Meteorológica de 3er Orden","SENAMHI","OMM"
46,"San Lucas - GPRS","Chuquisaca","Nor Cinti","San Lucas",-20.1,-65.1161,3033,"Meteorológica de 2do Orden","Municipio","Municipio"
47,"Santa Elena","Chuquisaca","Nor Cinti","Villa Charcas",-20.5828,-64.7753,2176,"Meteorológica de 4to Orden","SENAMHI","OMM"
48,"Villa Charcas - GPRS","Chuquisaca","Nor Cinti","Villa Charcas",-20.7167,-64.8667,2650,"Meteorológica de 2do Orden","SENAMHI","FAO"
49,"Punilla","Chuquisaca","Oropeza","Poroma",-18.9833,-65.3083,3300,"Meteorológica de 4to Orden","SENAMHI","OMM"
50,"San Juan de Orcas - GPRS","Chuquisaca","Oropeza","Poroma",-18.7308,-65.3144,2991,"Meteorológica de 2do Orden","Gobernacion de Chuquisaca","Gobernacion de Chuquisaca"
51,"Cajamarca - GPRS","Chuquisaca","Oropeza","Sucre",-18.9845,-65.3829,3313,"Meteorológica de 2do Orden","ELAPAZ","Baanco Mundial"
52,"Chuqui Chuqui","Chuquisaca","Oropeza","Sucre",-18.8311,-65.1225,1792,"Meteorológica de 3er Orden","SENAMHI","OMM"
53,"El Reloj","Chuquisaca","Oropeza","Sucre",-19.0381,-65.2431,2840,"Meteorológica de 4to Orden","SENAMHI","OMM"
54,"La Barranca Universidad","Chuquisaca","Oropeza","Sucre",-18.9839,-65.3028,2964,"Meteorológica de 3er Orden","SENAMHI","FAO"
55,"Potolo - GPRS","Chuquisaca","Oropeza","Sucre",-19.0238,-65.5411,0,"Meteorológica de 2do Orden","VRHR - MMAyA","Banco Mundial"
56,"Quila Quila - GPRS","Chuquisaca","Oropeza","Sucre",-19.1187,-65.3775,2931,"Meteorológica de 2do Orden","Gobernacion de Chuquisaca","Baanco Mundial"
57,"Sucre SENAMHI","Chuquisaca","Oropeza","Sucre",-19.05,-65.2167,2890,"Meteorológica de 4to Orden","SENAMHI","OMM"
58,"Talula - Tako Tako","Chuquisaca","Oropeza","Sucre",-19.11,-65.4053,2859,"Meteorológica de 3er Orden","SENAMHI","OMM"
59,"Toma Ravelo - GPRS","Chuquisaca","Oropeza","Sucre",-18.9339,-65.4599,0,"Meteorológica de 2do Orden","VRHR - MMAyA","Banco Mundial"
60,"Anfaya - GPRS","Chuquisaca","Oropeza","Yotala",-19.2506,-65.2536,3064,"Meteorológica de 2do Orden","Gobernacion de Chuquisaca","Gobernacion de Chuquisaca"
61,"Cachimayu","Chuquisaca","Oropeza","Yotala",-19.1333,-65.2667,2400,"Meteorológica de 4to Orden","SENAMHI","OMM"
62,"Puente Sucre","Chuquisaca","Oropeza","Yotala",-19.3533,-65.1772,2239,"Meteorológica de 4to Orden","SENAMHI","OMM"
63,"Yotala","Chuquisaca","Oropeza","Yotala",-19.1617,-65.2664,2520,"Meteorológica de 4to Orden","SENAMHI","OMM"
64,"Ñucchu","Chuquisaca","Oropeza","Yotala",-19.2047,-65.2756,2398,"Meteorológica de 4to Orden","SENAMHI","OMM"
65,"Culpina","Chuquisaca","Sud Cinti","Culpina",-20.8183,-64.9478,2970,"Meteorológica de 3er Orden","SENAMHI","OMM"
66,"Culpina - GPRS","Chuquisaca","Sud Cinti","Culpina",-20.8331,-64.9664,2965,"Meteorológica de 2do Orden","Municipio","Municipio"
67,"El Tranque - GPRS","Chuquisaca","Sud Cinti","Culpina",-20.8108,-64.9478,3034,"Meteorológica de 2do Orden","MMAyA (Ministerio de Medio Ambiente y Agua)","MMAyA (Ministerio de Medio Ambiente y Agua)"
68,"Villa Abecia","Chuquisaca","Sud Cinti","Villa Abecia",-20.9806,-65.2311,2280,"Meteorológica de 4to Orden","SENAMHI","OMM"
69,"Charpaxi - GPRS","Chuquisaca","Sud Cintis","Villa Abecia",-20.9797,-65.2911,3000,"Meteorológica de 2do Orden","PROFIN - Municipio","PROFIN - Municipio"
70,"Villa Abecia - GPRS","Chuquisaca","Sud Cintis","Villa Abecia",-20.9722,-65.2339,2314,"Meteorológica de 2do Orden","Gobernacion de Chuquisaca","Gobernacion de Chuquisaca"
71,"El Villar","Chuquisaca","Tomina","El Villar",-19.6311,-64.3069,2080,"Meteorológica de 3er Orden","SENAMHI","OMM"
72,"El Villar - GPRS","Chuquisaca","Tomina","El Villar",-19.6472,-64.3069,2071,"Meteorológica de 2do Orden","Municipio de El Villar","Municipio de El Villar"
73,"El Rosal - GPRS","Chuquisaca","Tomina","Padilla",-19.4811,-64.1775,2050,"Meteorológica de 2do Orden","Gobernacion de Chuquisaca","Gobernacion de Chuquisaca"
74,"Sopachuy","Chuquisaca","Tomina","Sopachuy",-19.4861,-64.4744,2098,"Meteorológica de 3er Orden","SENAMHI","OMM"
75,"Sopachuy - GPRS","Chuquisaca","Tomina","Sopachuy",-19.4989,-64.475,2140,"Meteorológica de 2do Orden","Gobernacion de Chuquisaca","Gobernacion de Chuquisaca"
76,"Tomina - GPRS","Chuquisaca","Tomina","Tomina",-19.1889,-64.4633,2070,"Meteorológica de 2do Orden","Municipio","Municipio"
77,"Villa Alcala","Chuquisaca","Tomina","Villa Alcala",-19.3608,-64.3878,2080,"Meteorológica de 4to Orden","SENAMHI","OMM"
78,"Villa Alcalá - GPRS","Chuquisaca","Tomina","Villa Alcalá",-19.3642,-64.3836,2073,"Meteorológica de 2do Orden","Municipio","Municipio"
79,"Morado Kasa - GPRS","Chuquisaca","Yamparaez","Tarabuco",-19.0544,-64.9136,2841,"Meteorológica de 2do Orden","Gobernacion de Chuquisaca","Gobernacion de Chuquisaca"
80,"Tarabuco","Chuquisaca","Yamparaez","Tarabuco",-19.1806,-64.9133,3284,"Meteorológica de 3er Orden","SENAMHI","OMM"
81,"Alcantari - Aeropuerto","Chuquisaca","Yamparaez","Yamparaez",-19.2383,-65.1492,3600,"Meteorológica de 2do Orden","AASANA","AASANA"
82,"La Mendoza","Chuquisaca","Yamparaez","Yamparaez",-19.35,-64.95,2080,"Meteorológica de 4to Orden","SENAMHI","OMM"
83,"Lavadero - GPRS","Chuquisaca","Yamparaez","Yamparaez",-19.1831,-65.0483,3030,"Meteorológica de 2do Orden","Gobernacion de Chuquisaca","Gobernacion de Chuquisaca"
84,"Yamparaez","Chuquisaca","Yamparaez","Yamparaez",-19.1922,-65.1206,3100,"Meteorológica de 4to Orden","SENAMHI","OMM"
85,"Icla","Chuquisaca","Zudañez","Icla",-19.3608,-64.7908,2252,"Meteorológica de 4to Orden","SENAMHI","FAO"
86,"Icla - GPRS","Chuquisaca","Zudañez","Icla",-19.3636,-64.7981,2395,"Meteorológica de 2do Orden","Gobernacion de Chuquisaca","Gobernacion de Chuquisaca"
87,"Redencion Pampa","Chuquisaca","Zudañez","Mojocoya",-18.8278,-64.6261,2465,"Meteorológica de 3er Orden","SENAMHI","OMM"
88,"Presa El Peral - GPRS","Chuquisaca","Zudañez","Presto",-18.9584,-64.8994,2657,"Meteorológica de 2do Orden","Gobernacion de Chuquisaca","Baanco Mundial"
89,"Presto (Porvenir) - GPRS","Chuquisaca","Zudañez","Presto",-18.9242,-64.9467,2562,"Meteorológica de 2do Orden","Gobernacion de Chuquisaca","Gobernacion de Chuquisaca"
90,"Viña Quemada","Chuquisaca","Zudañez","Viña Quemada",-19.4083,-64.8528,2030,"Meteorológica de 4to Orden","SENAMHI","OMM"
91,"Zudañez","Chuquisaca","Zudañez","Zudañez",-19.1189,-64.7033,2475,"Meteorológica de 3er Orden","SENAMHI","OMM"
92,"Zudañez - GPRS","Chuquisaca","Zudañez","Zudañez",-19.1236,-64.6972,2555,"Meteorológica de 2do Orden","Gobernacion de Chuquisaca","Gobernacion de Chuquisaca"
93,"Arani","Cochabamba","Arani","Arani",-17.5736,-65.7544,2767,"Meteorológica de 3er Orden","SENAMHI","OMM"
94,"Vacas - GPRS","Cochabamba","Arani","Vacas",-17.574,-65.5902,3491,"Meteorológica de 2do Orden","Servicio Departamental de Cuencas","Banco Mundial"
95,"Vilapampa Bolivar - GPRS","Cochabamba","Bolivar","Bolivar",-18.0444,-66.6997,3950,"Meteorológica de 2do Orden","FAO - Municipio","FAO - Municipio"
96,"Aiquile","Cochabamba","Campero","Aiquile",-18.2033,-65.1781,2255,"Meteorológica de 1er Orden","Servicio Departamental de Cue","Bcasnco Mundial"
97,"Omereque - GPRS","Cochabamba","Campero","Omereque",-18.108,-64.9056,1693,"Meteorológica de 2do Orden","Servicio Departamental de Cuencas","Banco Mundial"
98,"Pasorapa - GPRS","Cochabamba","Campero","Pasorapa",-18.3231,-64.6789,2157,"Meteorológica de 2do Orden","FAO - Municipio","FAO - Municipio"
99,"Capinota","Cochabamba","Capinota","Capinota",-17.7,-66.2606,2406,"Meteorológica de 3er Orden","SENAMHI","OMM"
100,"Santivañez","Cochabamba","Capinota","Santivañez",-17.5647,-66.2492,2548,"Meteorológica de 3er Orden","SENAMHI","OMM"
101,"Molle Molle","Cochabamba","Carrasco","Pocoma",-17.6928,-65.2822,2573,"Meteorológica de 4to Orden","SENAMHI","FAO"
102,"Pocona - GPRS","Cochabamba","Carrasco","Pocona",-17.6664,-65.3127,2539,"Meteorológica de 2do Orden","Servicio Departamental de Cuencas","Banco Mundial"
103,"Copachuncho B","Cochabamba","Carrasco","Pojo",-17.735,-65.0739,2639,"Meteorológica de 4to Orden","DELL ACQUA Empresa Constructora","DELL ACQUA Empresa Constructora"
104,"Pojo - GPRS","Cochabamba","Carrasco","Pojo",-17.7523,-64.8665,2038,"Meteorológica de 2do Orden","Servicio Departamental de Cuencas","Banco Mundial"
105,"Puerto Villarroel - GPRS","Cochabamba","Carrasco","Puerto Villarroel",-16.8333,-64.7925,201,"Meteorológica de 2do Orden","Cruz Roja - Municipio","Cruz Roja - Municipio"
106,"Senda VI (Ivirgarzama) - GPRS","Cochabamba","Carrasco","Puerto Villarroel",-17.0167,-64.9167,220,"Meteorológica de 2do Orden","Cruz Roja - Municipio","Cruz Roja - Municipio"
107,"Lahuachama - GPRS","Cochabamba","Carrasco","Totora",-17.5675,-65.2056,3670,"Meteorológica de 2do Orden","MMAyA (Ministerio de Medio Ambiente y Agua)","MMAyA (Ministerio de Medio Ambiente y Agua)"
108,"Sauce Pilata - GPRS","Cochabamba","Carrasco","Totora",-17.8414,-65.0716,2815,"Meteorológica de 2do Orden","Servicio Departamental de Cuencas","Banco Mundial"
109,"Uyacti Punta","Cochabamba","Carrasco","Totora",-17.7578,-65.1267,2880,"Meteorológica de 4to Orden","SENAMHI","FAO"
110,"Cochabamba - Aeropuerto","Cochabamba","Cercado","Cochabamba",-17.4161,-66.1744,2548,"Meteorológica de 2do Orden","AASANA","AASANA"
111,"Cochabamba - Sarco","Cochabamba","Cercado","Cochabamba",-17.3781,-66.1756,2567,"Meteorológica de 3er Orden","SENAMHI","OMM"
112,"INAC - GPRS","Cochabamba","Cercado","Cochabamba",-17.4253,-66.1675,2565,"Meteorológica de 2do Orden","INAC","INAC"
113,"Temporal - GPRS","Cochabamba","Cercado","Cochabamba",-17.3492,-66.1564,2813,"Meteorológica de 2do Orden","Servicio Departamental de Cuencas","Banco Mundial"
114,"Cayarani","Cochabamba","Chapare","Colomi",-17.2678,-65.8794,3317,"Meteorológica de 4to Orden","SENAMHI","FAO"
115,"Colomi","Cochabamba","Chapare","Colomi",-17.3361,-65.8708,3309,"Meteorológica de 3er Orden","SENAMHI","OMM"
116,"Vivero Chimboco - GPRS","Cochabamba","Chapare","Sacabamba",-17.3869,-66.0408,2731,"Meteorológica de 2do Orden","Servicio Departamental de Cuencas","Banco Mundial"
117,"Campamento Villa Tunari - A","Cochabamba","Chapare","Villa Tunari",-16.9731,-65.4225,310,"Meteorológica de 3er Orden","SENAMHI","FAO"
118,"Chocolatal","Cochabamba","Chapare","Villa Tunari",-17.0644,-65.6556,755,"Meteorológica de 4to Orden","SENAMHI","FAO"
119,"Cristal Mayu","Cochabamba","Chapare","Villa Tunari",-17.0075,-65.6436,516,"Meteorológica de 3er Orden","SENAMHI","OMM"
120,"Paracti","Cochabamba","Chapare","Villa Tunari",-17.21,-65.8222,1999,"Meteorológica de 4to Orden","SENAMHI","FAO"
121,"San Jacinto Barro Negro","Cochabamba","Chapare","Villa Tunari",-17.1419,-65.7086,1321,"Meteorológica de 4to Orden","SENAMHI","FAO"
122,"Villa Tunari - GPRS","Cochabamba","Chapare","Villa Tunari",-16.9731,-65.4225,310,"Meteorológica de 2do Orden","Save The Children","Save The Children"
123,"Anzaldo","Cochabamba","Esteban Arce","Anzaldo",-17.7836,-65.9328,3032,"Meteorológica de 3er Orden","SENAMHI","OMM"
124,"Arbieto - GPRS","Cochabamba","Esteban Arce","Arbieto",-17.5667,-66.0167,2860,"Meteorológica de 2do Orden","FAO - Municipio","FAO - Municipio"
125,"La Angostura - GPRS","Cochabamba","Esteban Arce","Arbieto",-17.5275,-66.0856,2706,"Meteorológica de 2do Orden","MMAyA (Ministerio de Medio Ambiente y Agua)","MMAyA (Ministerio de Medio Ambiente y Agua)"
126,"Sacabamba - GPRS","Cochabamba","Esteban Arce","Sacabamba",-17.8056,-65.7692,3130,"Meteorológica de 2do Orden","FAO - Municipio","FAO - Municipio"
127,"Tarata","Cochabamba","Esteban Arce","Tarata",-17.6086,-66.0228,2775,"Meteorológica de 3er Orden","SENAMHI","OMM"
128,"Alalay - GPRS","Cochabamba","Mizque","Alalay",-17.6831,-65.6831,2980,"Meteorológica de 2do Orden","FAO - Municipio","FAO - Municipio"
129,"Mizque","Cochabamba","Mizque","Mizque",-17.9183,-65.3172,2045,"Meteorológica de 3er Orden","SENAMHI","OMM"
130,"Mizque - GPRS","Cochabamba","Mizque","Mizque",-17.9573,-65.3557,2055,"Meteorológica de 2do Orden","Servicio Departamental de Cuencas","Banco Mundial"
131,"Vila Vila - GPRS","Cochabamba","Mizque","Mizque",-17.9847,-65.6272,2666,"Meteorológica de 2do Orden","Servicio Departamental de Cuencas","Banco Mundial"
132,"Chaupisuyo","Cochabamba","Punata","Punata",-17.5444,-65.8067,2749,"Meteorológica de 3er Orden","SENAMHI","FAO"
133,"Punata - GPRS","Cochabamba","Punata","Punata",-17.5336,-65.8261,2762,"Meteorológica de 2do Orden","PROFIN - Municipio","PROFIN - Municipio"
134,"San Benito SENAMHI - GPRS","Cochabamba","Punata","San Benito",-17.5264,-65.9039,2712,"Meteorológica de 1er Orden","SENAMHI","FAO"
135,"Misicuni","Cochabamba","Quillacollo","Quillacollo",-17.09,-66.3272,3793,"Meteorológica de 3er Orden","SENAMHI","OMM"
136,"Sivingani Misicuni - GPRS","Cochabamba","Quillacollo","Quillacollo",-17.1,-66.3156,3790,"Meteorológica de 2do Orden","Municipio","Municipio"
137,"Parotani","Cochabamba","Quillacollo","Sipe Sipe",-17.5661,-66.3436,2493,"Meteorológica de 3er Orden","SENAMHI","OMM"
138,"Parotani - GPRS","Cochabamba","Quillacollo","Sipe Sipe",-17.5592,66.3458,2506,"Meteorológica de 2do Orden","CTB - Municipio","CTB - Municipio"
139,"Vivero Viloma - GPRS","Cochabamba","Quillacollo","Sipe Sipe",-17.4133,-66.385,2669,"Meteorológica de 2do Orden","Servicio Departamental de Cuencas","Banco Mundial"
140,"Pairumani","Cochabamba","Quillacollo","Vinto",-17.3661,-66.3186,2600,"Meteorológica de 3er Orden","SENAMHI","OMM"
141,"Tapacari - GPRS","Cochabamba","Tapacari","Tapacari",-17.5601,-67.104,3953,"Meteorológica de 2do Orden","CTB - Municipio","CTB - Municipio"
142,"Kaspi k'ancha","Cochabamba","Tiraque","Tiraque",-17.3742,-65.7017,3926,"Meteorológica de 3er Orden","SENAMHI","FAO"
143,"Koari","Cochabamba","Tiraque","Tiraque",-17.4761,-65.5806,3704,"Meteorológica de 3er Orden","SENAMHI","FAO"
144,"Presa Pachaj Qhocha - GPRS","Cochabamba","Tiraque","Tiraque",-17.4375,-65.644,3780,"Meteorológica de 2do Orden","Servicio Departamental de Cuencas","Banco Mundial"
145,"Tiraque","Cochabamba","Tiraque","Tiraque",-17.4253,-65.7244,3304,"Meteorológica de 3er Orden","SENAMHI","OMM"
146,"Tiraque - GPRS","Cochabamba","Tiraque","Tiraque",-17.4308,-65.7271,0,"Meteorológica de 2do Orden","VRHR - MMAyA","Banco Mundial"
147,"El Trompillo - Aeropuerto","Cruz","Andrés Ibañez","Santa  Cruz de la Sierra",-17.805,-63.1781,424,"Meteorológica de 2do Orden","AASANA","AASANA"
148,"Santa Cruz - SENAMHI","Cruz","Andrés Ibáñez","Santa Cruz de la Sierra",-17.7833,-63.1667,416,"Meteorológica de 3er Orden","SENAMHI","OMM"
149,"San Matias - Aeropuerto","Cruz","Angel Sandoval","San Matías",-16.3317,-58.3992,127,"Meteorológica de 2do Orden","AASANA","AASANA"
150,"Pailon - GPRS","Cruz","Chiquitos","Pailon",-17.5919,-61.995,291,"Meteorológica de 2do Orden","Municipio","PROFIN"
151,"Robore - Aeropuerto","Cruz","Chiquitos","Roboré",-18.3297,-59.7633,266,"Meteorológica de 2do Orden","AASANA","AASANA"
152,"San Jose de Chiquitos - Aerop","Cruz","Chiquitos","San José de Chiquitos",-17.8322,-60.7442,285,"Meteorológica de 2do Orden","AASANA","AASANA"
153,"Boyuibe","Cruz","Cordillera","Boyuibe",-20.4358,-63.2772,810,"Meteorológica de 4to Orden","SENAMHI","OMM"
154,"Abapó","Cruz","Cordillera","Cabezas",-18.9197,-63.4044,440,"Meteorológica de 3er Orden","SENAMHI","OMM"
155,"Florida","Cruz","Cordillera","Cabezas",-18.5656,-63.3792,577,"Meteorológica de 4to Orden","SENAMHI","OMM"
156,"Mora","Cruz","Cordillera","Cabezas",-18.4217,-63.205,516,"Meteorológica de 3er Orden","Municipio Cabeza","Municipio Cabeza"
157,"Camiri - Aeropuerto","Cruz","Cordillera","Camiri",-20.0067,-63.5258,794,"Meteorológica de 2do Orden","AASANA","AASANA"
158,"Gutierrez","Cruz","Cordillera","Gutiérrez",-19.4208,-63.5275,925,"Meteorológica de 3er Orden","SENAMHI","OMM"
159,"Mairana - GPRS","Cruz","Florida","Mairana",-18.1068,-63.9672,1309,"Meteorológica de 2do Orden","MMAyA (Ministerio de Medio Ambiente y Agua)","MMAyA (Ministerio de Medio Ambiente y Agua)"
160,"Mataral","Cruz","Florida","Pampa Grande",-18.1167,-64.2167,1400,"Meteorológica de 4to Orden","SENAMHI","OMM"
161,"San Pedro - STC","Cruz","Florida","Pampa Grande",-16.8167,-63.4833,450,"Meteorológica de 3er Orden","SENAMHI","OMM"
162,"Santa Rosa de la Roca","Cruz","Florida","Pampa Grande",-16.8167,-63.4833,450,"Meteorológica de 3er Orden","SENAMHI","OMM"
163,"Puerto Suarez - Aeropuerto","Cruz","German Busch","Puerto Suárez",-18.9789,-57.8192,133,"Meteorológica de 2do Orden","AASANA","AASANA"
164,"Ascención de Guarayos - Aerop","Cruz","Guarayos","Ascensión de Guarayos",-15.9153,-63.1692,236,"Meteorológica de 2do Orden","AASANA","AASANA"
165,"El Puente - GPRS","Cruz","Guarayos","El Puente",-16.3239,-62.9175,285,"Meteorológica de 2do Orden","SENAMHI","FAO"
166,"Buena Vista","Cruz","Ichilo","Buena Vista",-17.4594,-63.6606,389,"Meteorológica de 4to Orden","SENAMHI","OMM"
167,"San Juan de Yapacaní","Cruz","Ichilo","Buena Vista",-17.25,-63.8333,350,"Meteorológica de 3er Orden","Cooperativa San Juan de Yapacani","Cooperativa San Juan de Yapacani"
168,"Urubicha - GPRS","Cruz","Ichilo","Yapacani",-15.5889,-63.1722,300,"Meteorológica de 2do Orden","Municipio","Municipio"
169,"Comarapa","Cruz","Manuel Maria Caballero","Comarapa",-17.9136,-64.5297,1824,"Meteorológica de 4to Orden","SENAMHI","OMM"
170,"Comarapa - GPRS","Cruz","Manuel Maria Caballero","Comarapa",-17.9186,-64.5258,1842,"Meteorológica de 2do Orden","MMAyA (Ministerio de Medio Ambiente y Agua)","MMAyA (Ministerio de Medio Ambiente y Agua)"
171,"El Quiñe","Cruz","Manuel Maria Caballero","Comarapa",-18.0833,-64.35,1930,"Meteorológica de 3er Orden","SENAMHI","OMM"
172,"San Juan de Potrero","Cruz","Manuel Maria Caballero","Comarapa",-17.9631,-64.2892,1553,"Meteorológica de 4to Orden","SENAMHI","OMM"
173,"Minero - UNAGRO","Cruz","Obispo Santistevan","Mineros",-17.11,-63.2417,245,"Meteorológica de 3er Orden","UNAGRO","UNAGRO"
174,"Montero","Cruz","Obispo Santistevan","Montero",-17.3433,-63.2556,300,"Meteorológica de 3er Orden","SENAMHI","OMM"
175,"Valle Grande - Aeropuerto","Cruz","Vallegrande","Vallegrande",-18.4819,-64.1081,2001,"Meteorológica de 2do Orden","AASANA","AASANA"
176,"San Francisco","Cruz","Velasco","San Ignacio de Velasco",-15.3119,-61.4367,249,"Meteorológica de 4to Orden","SENAMHI","OMM"
177,"San Ignacio de Velasco - Aerop","Cruz","Velasco","San Ignacio de Velasco",-16.3817,-60.9619,415,"Meteorológica de 2do Orden","AASANA","AASANA"
178,"Okinawa 1","Cruz","Warnes","Okinawa Uno",-17.2167,-62.8833,252,"Meteorológica de 3er Orden","SENAMHI","OMM"
179,"Viru Viru - Aeropuerto","Cruz","Warnes","Warnes",-17.6486,-63.1389,378,"Meteorológica de 2do Orden","AASANA","AASANA"
180,"Concepción - Aeropuerto","Cruz","Ñuflo de Chavez","Concepción",-16.1383,-62.0275,504,"Meteorológica de 2do Orden","AASANA","AASANA"
181,"Cuatro Cañadas - GPRS","Cruz","Ñuflo de Chavez","Cuatro Cañadas",-17.226865,-62.150628,259,"Meteorológica de 2do Orden","Municipio","PROFIN"
182,"San Javier - Aeropuerto","Cruz","Ñuflo de Chavez","San Javier",-16.2714,-62.4708,538,"Meteorológica de 2do Orden","AASANA","AASANA"
183,"San Julian","Cruz","Ñuflo de Chavez","San Julián",-16.9103,-62.6258,249,"Meteorológica de 4to Orden","SENAMHI","OMM"
184,"San Julian - GPRS","Cruz","Ñuflo de Chavez","San Julián",-16.9103,-62.6258,248,"Meteorológica de 2do Orden","PROFIN - ANAPO","PROFIN"
185,"Sacabaya","Oruro","Atahuallpa","Sabaya",-18.5719,-68.7892,3845,"Meteorológica de 3er Orden","SENAMHI","OMM"
186,"Challapata","Oruro","Avaroa","Challapata",-18.8992,-66.7797,3744,"Meteorológica de 3er Orden","SENAMHI","FAO"
187,"Cruce Culta (Ventilla) - GPRS","Oruro","Avaroa","Challapata",-19.0742,-66.2447,4157,"Meteorológica de 2do Orden","EVAs - Municipio","EVAs - Municipio"
188,"Cruce Ventilla","Oruro","Avaroa","Challapata",-19.0761,-66.2108,4119,"Meteorológica de 4to Orden","SENAMHI","OMM"
189,"Tacagua - GPRS","Oruro","Avaroa","",-18.826,-66.7358,0,"Meteorológica de 2do Orden","VRHR - MMAyA","Banco Mundial"
190,"Corque - GPRS","Oruro","Carangas","Corque",-18.3458,-67.6808,3782,"Meteorológica de 2do Orden","Municipio","Municipio"
191,"Opoqueri","Oruro","Carangas","Corque",-18.5364,-67.8992,3806,"Meteorológica de 3er Orden","Gobernación - SENAMHI","FAO"
192,"Caracollo - Cadea","Oruro","Cercado","Caracollo",-17.6364,-67.2003,3798,"Meteorológica de 3er Orden","Universidad Mayor de San Andres - IHH","Universidad Mayor de San Andres - IHH"
193,"Caracollo CADEA - GPRS","Oruro","Cercado","Caracollo",-17.6364,-67.1997,3793,"Meteorológica de 2do Orden","Gobernacion de Oruro","Gobernacion de Oruro"
194,"La Joya","Oruro","Cercado","Caracollo",-17.7786,-67.4381,3724,"Meteorológica de 2do Orden","Municipio","Municipio"
195,"Cabaña Forestal Oruro","Oruro","Cercado","Oruro",-17.9719,-67.08,3706,"Meteorológica de 2do Orden","SENAMHI","OMM"
196,"Oruro - Aeropuerto","Oruro","Cercado","Oruro",-17.9528,-67.0797,3701,"Meteorológica de 2do Orden","AASANA","AASANA"
197,"UTO Oruro - GPRS","Oruro","Cercado","Oruro",-17.9928,-67.1389,3745,"Meteorológica de 2do Orden","UTO","UTO"
198,"Challapampa - A","Oruro","Cercado","Soracachi",-17.863,-67.102,3934,"Meteorológica de 2do Orden","IRD","IRD"
199,"Challapata - GPRS","Oruro","Cercado","Soracachi",-18.8847,-66.7869,3719,"Meteorológica de 2do Orden","Gobernacion de Oruro","Gobernacion de Oruro"
200,"Chillca","Oruro","Cercado","Soracachi",-17.8369,-66.8139,4025,"Meteorológica de 3er Orden","SENAMHI","FAO"
201,"Soracachi - GPRS","Oruro","Cercado","Soracachi",-17.7667,-67.0258,3900,"Meteorológica de 2do Orden","Gobernacion de Oruro","Gobernacion de Oruro"
202,"Aroma - GPRS","Oruro","Ladislao Cabrera","Salinas",-19.3227,-67.3147,3733,"Meteorológica de 2do Orden","FAO - Municipio","FAO - Municipio"
203,"Salar - A","Oruro","Ladislao Cabrera","Salinas de Garci-Mendo",-19.8872,-67.5238,3673,"Meteorológica de 2do Orden","IRD","IRD"
204,"San Martin","Oruro","Ladislao Cabrera","Salinas de Garci-Mendo",-19.2761,-67.6011,3732,"Meteorológica de 3er Orden","SENAMHI","OMM"
205,"Ucumasi","Oruro","Ladislao Cabrera","Salinas de Garci-Mendo",-19.1306,-67.4247,3763,"Meteorológica de 4to Orden","SENAMHI","OMM"
206,"Huayllamarca","Oruro","Nor Carangas","Huayllamarca",-17.8356,-67.9397,3852,"Meteorológica de 3er Orden","SENAMHI","OMM"
207,"Antequera - GPRS","Oruro","Poopó","Pazña",-18.4933,-66.8831,3920,"Meteorológica de 2do Orden","Gobernacion de Oruro","Gobernacion de Oruro"
208,"Poopo - GPRS","Oruro","Poopó","Poopó",-18.3828,-66.9783,3900,"Meteorológica de 2do Orden","Gobernacion de Oruro","Gobernacion de Oruro"
209,"Chipaya - GPRS","Oruro","Sabaya","Chipaya",-19.0439,-68.0858,3678,"Meteorológica de 2do Orden","SENAMHI","CIMA - Italia"
210,"Curahuara de Carangas","Oruro","Sajama","Curahuara de Carangas",-17.8425,-68.4164,3906,"Meteorológica de 3er Orden","SENAMHI","OMM"
211,"Curahuara de Carangas - GPRS","Oruro","Sajama","Curahuara de Carangas",-17.8414,-68.4078,3906,"Meteorológica de 2do Orden","FAO - Municipio","FAO - Municipio"
212,"Sajama","Oruro","Sajama","Curahuara de Carangas",-18.1372,-68.9742,3745,"Meteorológica de 2do Orden","SENAMHI","OMM"
213,"Cosapa","Oruro","Sajama","Turco",-18.1778,-68.7064,3917,"Meteorológica de 3er Orden","SENAMHI","OMM"
214,"Toledo - GPRS","Oruro","Saucari","Toledo",-18.1797,-67.4047,0,"Meteorológica de 2do Orden","FAO - Municipio","FAO - Municipio"
215,"San Pedro de Condo","Oruro","Sebastian Pagador","Santiago de Huari",-19.0406,-66.7425,3844,"Meteorológica de 3er Orden","Universidad Mayor de San Andres - IHH","Universidad Mayor de San Andres - IHH"
216,"Yanuma Condo","Oruro","Sebastian Pagador","Santiago de Huari",-19.0164,-66.7228,4041,"Meteorológica de 2do Orden","IHH - UMSA","IHH - UMSA"
217,"Andamarca","Oruro","Sud Carangas","Santiago de Andamarca",-18.7667,-67.5167,3676,"Meteorológica de 3er Orden","SENAMHI","OMM"
218,"Chiuo - A","Oruro","Sud Carangas","Santiago de Andamarca",-18.85,-67.15,3740,"Meteorológica de 2do Orden","IRD","IRD"
219,"Orinoca","Oruro","Sud Carangas","Santiago de Andamarca",-18.9719,-67.2644,3797,"Meteorológica de 2do Orden","SENAMHI","OMM"
220,"Orinoca-GPRS","Oruro","Sud Carangas","Santiago de Andamarca",-18.9736,-67.2583,3797,"Meteorológica de 2do Orden","UTO","UTO"
221,"Nueva Esperanza - GPRS","Pando","Federico Roman","Nueva Esperanza",-10.0568,-65.3332,113,"Meteorológica de 2do Orden","Gobernacion de Pando","Gobernacion de Pando"
222,"Comunidad Sena - GPRS","Pando","Madre de Dios","El Sena",-11.4917,-67.2409,179,"Meteorológica de 2do Orden","Gobernacion de Pando","Gobernacion de Pando"
223,"Humaytha","Pando","Manuripi","San Pedro",-10.8333,-66.47,100,"Meteorológica de 4to Orden","SENAMHI","FAO"
224,"El Carmen","Pando","Nicolas Suarez","Bella Flor",-11.0833,-67.6794,184,"Meteorológica de 4to Orden","China Harzone","China Harzone"
225,"Monte Alegre","Pando","Nicolas Suarez","Bella Flor",-11.1167,-68.4172,245,"Meteorológica de 4to Orden","China Harzone","China Harzone"
226,"Santa Lucia","Pando","Nicolas Suarez","Bella Flor",-11.0886,-67.8833,228,"Meteorológica de 4to Orden","China Harzone","China Harzone"
227,"Cobija - Aeropuerto","Pando","Nicolas Suarez","Cobija",-11.0397,-68.7803,233,"Meteorológica de 2do Orden","AASANA","AASANA"
228,"Ayo Ayo","Paz","Aroma","Ayo Ayo",-17.0942,-68.0083,3888,"Meteorológica de 3er Orden","SENAMHI","OMM"
229,"Calamarca - A","Paz","Aroma","Calamarca",-16.9081,-68.114,4041,"Meteorológica de 2do Orden","MMAyA (Ministerio de Medio Ambiente y Agua)","MMAyA (Ministerio de Medio Ambiente y Agua)"
230,"Collana","Paz","Aroma","Collana",-16.9036,-68.2833,3911,"Meteorológica de 3er Orden","SENAMHI","OMM"
231,"Collana - A","Paz","Aroma","Collana",-16.9003,-68.2817,3910,"Meteorológica de 2do Orden","MMAyA (Ministerio de Medio Ambiente y Agua)","MMAyA (Ministerio de Medio Ambiente y Agua)"
232,"Patacamaya - GPRS","Paz","Aroma","Patacamaya",-17.2608,-67.9428,3789,"Meteorológica de 2do Orden","SENAMHI","FAO"
233,"Conchamarca","Paz","Aroma","Sica Sica",-17.3781,-67.4572,3965,"Meteorológica de 4to Orden","SENAMHI","OMM"
234,"Salla","Paz","Aroma","Sica Sica",-17.1903,-67.6208,3500,"Meteorológica de 4to Orden","SENAMHI","OMM"
235,"Charazani","Paz","Bautista Saavedra","Juan José Pérez (Chara",-15.1953,-69.0036,3659,"Meteorológica de 4to Orden","SENAMHI","OMM"
236,"Charazani - GPRS","Paz","Bautista Saavedra","Juan José Pérez (Charazani)",-15.1875,-69.0306,3650,"Meteorológica de 2do Orden","FAO - Municipio","FAO - Municipio"
237,"Wila Kala - GPRS","Paz","Camacho","Moco Moco",-15.3572,-69.0447,4264,"Meteorológica de 2do Orden","SENAMHI","FAO"
238,"Villa Puni","Paz","Camacho","Puerto Acosta",-15.6664,-69.1672,3835,"Meteorológica de 3er Orden","SENAMHI","OMM"
239,"Carabuco","Paz","Camacho","Puerto Carabuco",-15.7589,-69.0658,3823,"Meteorológica de 3er Orden","SENAMHI","OMM"
240,"Bella Vista - GPRS","Paz","Caranavi","Alto Beni",-15.6231,-67.4231,859,"Meteorológica de 2do Orden","SENAMHI","FAO"
241,"Sara Ana","Paz","Caranavi","Alto Beni",-15.4581,-67.4767,365,"Meteorológica de 3er Orden","FiBL: Instituto de Investigaciones para la Agricul","FiBL: Instituto de Investigaciones para la Agricul"
242,"Caranavi","Paz","Caranavi","Caranavi",-15.8347,-67.5736,600,"Meteorológica de 3er Orden","SENAMHI","OMM"
243,"Los Incas","Paz","Caranavi","Caranavi",-15.6717,-67.4919,1524,"Meteorológica de 4to Orden","ISOLUX","ISOLUX"
244,"Puerto Leon","Paz","Caranavi","Caranavi",-16.0042,-67.5869,805,"Meteorológica de 4to Orden","ISOLUX","ISOLUX"
245,"Santa Rita de Buenos Aires","Paz","Caranavi","Caranavi",-15.6924,-67.5736,550,"Meteorológica de 4to Orden","SENAMHI","FAO"
246,"Catacora","Paz","Gral. Jose Manuel Pando","Catacora",-17.1586,-69.4864,4253,"Meteorológica de 3er Orden","SENAMHI","OMM"
247,"Santiago de Machaca","Paz","Gral. Jose Manuel Pando","Santiago de Machaca",-17.0667,-69.1994,3883,"Meteorológica de 3er Orden","SENAMHI","OMM"
248,"San Jose Alto","Paz","Gualberto Villarroel","Papel Pampa",-17.7044,-67.7786,3746,"Meteorológica de 4to Orden","SENAMHI","OMM"
249,"Jesus de Machaca - GPRS","Paz","Ingavi","Jesus de Machaca",-16.774,-68.827,0,"Meteorológica de 2do Orden","Cuenca Katari - MMAyA","BID"
250,"Laja Sacacani - GPRS","Paz","Ingavi","Laja",-16.671,-68.5001,0,"Meteorológica de 2do Orden","Cuenca Katari - MMAyA","BID"
251,"S Andres de Machaca - GPRS","Paz","Ingavi","San Andres de Macha",-16.9553,-68.9696,0,"Meteorológica de 2do Orden","Cuenca Katari - MMAyA","BID"
252,"Tiahuanaco - GPRS","Paz","Ingavi","Tiahuanaco",-16.5463,-68.6846,0,"Meteorológica de 2do Orden","Cuenca Katari - MMAyA","BID"
253,"Tambillo","Paz","Ingavi","Viacha",-16.5211,-68.5044,3833,"Meteorológica de 4to Orden","SENAMHI","OMM"
254,"Tambillo - A","Paz","Ingavi","Viacha",-16.5211,-68.5044,3833,"Meteorológica de 2do Orden","MMAyA (Ministerio de Medio Ambiente y Agua)","MMAyA (Ministerio de Medio Ambiente y Agua)"
255,"Tambillo IRD - A","Paz","Ingavi","Viacha",-16.5211,-68.5048,3840,"Meteorológica de 2do Orden","IRD","IRD"
256,"Viacha - A","Paz","Ingavi","Viacha",-16.6583,-68.2819,3850,"Meteorológica de 3er Orden","IRD","IRD"
257,"Viacha - GPRS","Paz","Ingavi","Viacha",-16.6583,-68.2821,0,"Meteorológica de 2do Orden","Cuenca Katari - MMAyA","BID"
258,"Circuata","Paz","Inquisivi","Cajuata",-16.6372,-67.2522,2012,"Meteorológica de 4to Orden","SENAMHI","OMM"
259,"Choquetanga Grande","Paz","Inquisivi","Inquisivi",-16.845,-67.3164,3238,"Meteorológica de 4to Orden","ISOLUX","ISOLUX"
260,"Chorocona","Paz","Inquisivi","Inquisivi",-16.8828,-67.1497,2240,"Meteorológica de 3er Orden","SENAMHI","OMM"
261,"Ixiamas","Paz","Iturralde","Ixiamas",-13.7719,-68.1317,274,"Meteorológica de 4to Orden","ISOLUX","ISOLUX"
262,"San Buenaventura","Paz","Iturralde","San Buenaventura",-14.4233,-67.5478,193,"Meteorológica de 4to Orden","ISOLUX","ISOLUX"
263,"Tumupasa","Paz","Iturralde","San Buenaventura",-14.1833,-67.8169,328,"Meteorológica de 4to Orden","ISOLUX","ISOLUX"
264,"Guanay - GPRS","Paz","Larecaja","Guanay",-15.5028,-67.8858,410,"Meteorológica de 2do Orden","SENAMHI","FAO"
265,"Quiabaya","Paz","Larecaja","Quiabaya",-15.5833,-68.7667,1829,"Meteorológica de 4to Orden","SENAMHI","OMM"
266,"Sorata","Paz","Larecaja","Sorata",-15.7667,-68.6517,2647,"Meteorológica de 3er Orden","SENAMHI","OMM"
267,"Alto Peñas - GPRS","Paz","Los Andes","Batallas",-16.2022,-68.4503,4056,"Meteorológica de 2do Orden","EMAGUA",""
268,"Chachacomani - GPRS","Paz","Los Andes","Batallas",-16.1083,-68.5081,4107,"Meteorológica de 2do Orden","CARE - Municipio de Batallas","CARE - Municipio de Batallas"
269,"Chirapaca","Paz","Los Andes","Batallas",-16.2994,-68.4981,3889,"Meteorológica de 3er Orden","SENAMHI","OMM"
270,"Hichucota","Paz","Los Andes","Batallas",-16.1767,-68.3811,4460,"Meteorológica de 3er Orden","SENAMHI","OMM"
271,"Huayrocondo","Paz","Los Andes","Batallas",-16.3431,-68.4969,3875,"Meteorológica de 3er Orden","SENAMHI","OMM"
272,"Igachi - GPRS","Paz","Los Andes","Batallas",-16.25,-68.5333,3950,"Meteorológica de 2do Orden","PROFIN - Municipio","PROFIN - Municipio"
273,"Isquillani - GPRS","Paz","Los Andes","Batallas",-16.2311,-68.45,3875,"Meteorológica de 2do Orden","Municipio de Batallas","Municipio de Batallas"
274,"Yaurichambi - GPRS","Paz","Los Andes","Batallas",-16.3261,-68.4811,3901,"Meteorológica de 2do Orden","CARE - Municipio","CARE - Municipio"
275,"Huarisuyo - GPRS","Paz","Los Andes","Pucarani",-16.3569,-68.5044,3696,"Meteorológica de 2do Orden","EMAGUA",""
276,"Laguna Tuni - GPRS","Paz","Los Andes","Pucarani",-16.2425,-68.2286,4458,"Meteorológica de 2do Orden","MMAyA (Ministerio de Medio Ambiente y Agua)",""
277,"Pucarani","Paz","Los Andes","Pucarani",-16.3961,-68.4747,3854,"Meteorológica de 4to Orden","SENAMHI","OMM"
278,"Isla Suriqui - GPRS","Paz","Los Andes","Puerto Perez",-16.3047,-68.7708,0,"Meteorológica de 2do Orden","Cuenca Katari - MMAyA","BID"
279,"Suriki - A","Paz","Los Andes","Puerto Perez",-16.3049,-68.7563,3824,"Meteorológica de 2do Orden","IRD","IRD"
280,"Copacabana","Paz","Manco Kapac","Copacabana",-16.1692,-69.0886,3870,"Meteorológica de 3er Orden","SENAMHI","OMM"
281,"Copacabana - GPRS","Paz","Manco Kapac","Copacabana",-16.1879,-69.0916,0,"Meteorológica de 2do Orden","Cuenca Katari - MMAyA","BID"
282,"Isla de la Luna - A","Paz","Manco Kapac","Copacabana",-16.0471,-69.0562,3822,"Meteorológica de 2do Orden","IRD","IRD"
283,"Isla del Sol","Paz","Manco Kapac","Copacabana",-16.0367,-69.1483,3976,"Meteorológica de 3er Orden","SENAMHI","OMM"
284,"San Pedro de Tiquina - GPRS","Paz","Manco Kapac","san Pedro de Tiquina",-16.2199,-68.8544,0,"Meteorológica de 2do Orden","Cuenca Katari - MMAyA","BID"
285,"Achocalla","Paz","Murillo","Achocalla",-16.5811,-68.1608,3764,"Meteorológica de 4to Orden","SENAMHI","OMM"
286,"Alto Lima - A","Paz","Murillo","El Alto",-16.4558,-68.1622,4264,"Meteorológica de 2do Orden","MMAyA - EPSAS","MMAyA - EPSAS"
287,"Alto Lima - D6","Paz","Murillo","El Alto",-16.4803,-68.1747,4135,"Meteorológica de 3er Orden","Municipio de El Alto","Municipio de El Alto"
288,"Ciudad Satelite - D1","Paz","Murillo","El Alto",-16.5253,-68.1508,4078,"Meteorológica de 3er Orden","Municipio de El Alto","Municipio de El Alto"
289,"El Alto - Aeropuerto","Paz","Murillo","El Alto",-16.5103,-68.1986,4034,"Meteorológica de 2do Orden","AASANA","AASANA"
290,"Juan Pablo de Laja - D12","Paz","Murillo","El Alto",-16.5589,-68.2353,3950,"Meteorológica de 3er Orden","Municipio de El Alto","Municipio de El Alto"
291,"Julian Apaza - D5","Paz","Murillo","El Alto",-16.4875,-68.2183,4054,"Meteorológica de 3er Orden","Municipio de El Alto","Municipio de El Alto"
292,"Laguna Milluni - GPRS","Paz","Murillo","El Alto",-16.3648,-68.1644,4549,"Meteorológica de 2do Orden","MMAyA (Ministerio de Medio Ambiente y Agua)",""
293,"San Roque D7 - GPRS","Paz","Murillo","El Alto",-16.4753,-68.2711,3989,"Meteorológica de 2do Orden","COOPI - Municipio","COOPI - Municipio"
294,"Senkata - D8","Paz","Murillo","El Alto",-16.5858,-68.1861,3977,"Meteorológica de 3er Orden","Municipio de El Alto","Municipio de El Alto"
295,"Achumani","Paz","Murillo","La Paz",-16.5311,-68.0706,3384,"Meteorológica de 3er Orden","SENAMHI","OMM"
296,"Alto Achachicala","Paz","Murillo","La Paz",-16.3472,-68.0847,4383,"Meteorológica de 3er Orden","SENAMHI","OMM"
297,"Alto Obrajes-B. Magisterio","Paz","Murillo","La Paz",-16.5228,-68.1008,3480,"Meteorológica de 4to Orden","SENAMHI","FAO"
298,"Chacaltaya","Paz","Murillo","La Paz",-16.3494,-68.1325,5188,"Meteorológica de 3er Orden","ISOLUX","ISOLUX"
299,"Chacaltaya - SENAMHI - GPRS","Paz","Murillo","La Paz",-16.3469,-68.1283,5378,"Meteorológica de 1er Orden","SENAMHI","FAO"
300,"Chuquiaguillo","Paz","Murillo","La Paz",-16.4497,-68.0925,4024,"Meteorológica de 4to Orden","SENAMHI","OMM"
301,"El Tejar - La Paz","Paz","Murillo","La Paz",-16.4961,-68.1558,3820,"Meteorológica de 4to Orden","SENAMHI","OMM"
302,"Hampaturi - GPRS","Paz","Murillo","La Paz",-16.4158,-68.0221,4205,"Meteorológica de 2do Orden","MMAyA (Ministerio de Medio Ambiente y Agua)",""
303,"Huaylipaya","Paz","Murillo","La Paz",-16.0425,-68.0008,1314,"Meteorológica de 4to Orden","SENAMHI","SENAMHI"
304,"Laycacota","Paz","Murillo","La Paz",-16.5044,-68.1231,3635,"Meteorológica de 2er Orden","SENAMHI","OMM"
305,"Pasankeri","Paz","Murillo","La Paz",-16.5225,-68.1439,3935,"Meteorológica de 4to Orden","SENAMHI","OMM"
306,"San Calixto","Paz","Murillo","La Paz",-16.4953,-68.1325,3658,"Meteorológica de 2do Orden","SENAMHI","OMM"
307,"Villa Copacabana","Paz","Murillo","La Paz",-16.4828,-68.1139,3680,"Meteorológica de 4to Orden","SENAMHI","OMM"
308,"Vino Tinto","Paz","Murillo","La Paz",-16.4808,-68.1392,3865,"Meteorológica de 4to Orden","SENAMHI","OMM"
309,"Zongo - Plataforma - A","Paz","Murillo","La Paz",-16.2814,-68.1208,4762,"Meteorológica de 1er Orden","SENAMHI","FAO"
310,"Mecapaca","Paz","Murillo","Mecapaca",-16.6711,-68.0183,2680,"Meteorológica de 3er Orden","SENAMHI","OMM"
311,"Palca","Paz","Murillo","Palca",-16.5606,-67.9514,3478,"Meteorológica de 2do Orden","SENAMHI","OMM"
312,"Pinaya","Paz","Murillo","Palca",-16.6383,-67.8583,3870,"Meteorológica de 4to Orden","SENAMHI","OMM"
313,"Camata","Paz","Muñecas","Ayata",-15.2483,-68.745,2250,"Meteorológica de 3er Orden","SENAMHI","OMM"
314,"Coripata","Paz","Nor Yungas","Coripata",-16.3242,-67.6044,1788,"Meteorológica de 3er Orden","SENAMHI","OMM"
315,"Dorado Chico - GPRS","Paz","Nor Yungas","Coripata",-16.2744,-67.6261,1639,"Meteorológica de 2do Orden","SENAMHI","FAO"
316,"Chuspipata","Paz","Nor Yungas","Coroico",-16.3039,-67.8153,2993,"Meteorológica de 3er Orden","Universidad Mayor de San Andres - IHH","Universidad Mayor de San Andres - IHH"
317,"Incapampa","Paz","Nor Yungas","Coroico",-16.2256,-67.7281,1586,"Meteorológica de 3er Orden","SENAMHI","FAO"
318,"El Belen","Paz","Omasuyos","Achacachi",-16.0164,-68.6978,3833,"Meteorológica de 3er Orden","SENAMHI","OMM"
319,"Ancoraimes","Paz","Omasuyos","Ancoraimes",-15.8983,-68.9042,3882,"Meteorológica de 4to Orden","SENAMHI","FAO"
320,"Chua Cocani - GPRS","Paz","Omasuyos","Chua",-16.1846,-68.7488,0,"Meteorológica de 2do Orden","Cuenca Katari - MMAyA","BID"
321,"Huarina - GPRS","Paz","Omasuyos","Huarina",-16.1801,-68.6329,0,"Meteorológica de 2do Orden","Cuenca Katari - MMAyA","BID"
322,"Huatajata IRD","Paz","Omasuyos","Huarina",-16.2133,-68.69,3829,"Meteorológica de 2do Orden","IRD","IRD"
323,"Santiago de Huata","Paz","Omasuyos","Santiago de Huata",-16.0511,-68.8103,3845,"Meteorológica de 3er Orden","SENAMHI","OMM"
324,"Calacoto","Paz","Pacajes","Calacoto",-17.2806,-68.6356,3830,"Meteorológica de 3er Orden","SENAMHI","OMM"
325,"Santiago de Callapa (GPRS)","Paz","Pacajes","Callapa",-17.4764,-68.3561,3791,"Meteorológica de 2do Orden","SENAMHI","FAO"
326,"Achiri","Paz","Pacajes","Caquiaviri",-17.2117,-68.9994,3880,"Meteorológica de 3er Orden","SENAMHI","OMM"
327,"Jihuacuta","Paz","Pacajes","Caquiaviri",-16.8581,-68.6622,3912,"Meteorológica de 4to Orden","SENAMHI","OMM"
328,"Berenguela","Paz","Pacajes","Charaña",-17.2889,-69.2142,4145,"Meteorológica de 4to Orden","SENAMHI","OMM"
329,"Charaña - A","Paz","Pacajes","Charaña",-17.5912,-69.4485,4074,"Meteorológica de 2do Orden","IRD","IRD"
330,"Charaña - GPRS","Paz","Pacajes","Charaña",-17.5833,-69.4486,4000,"Meteorológica de 2do Orden","SENAMHI","FAO"
331,"Comanche - A","Paz","Pacajes","Coro Coro",-17.05,-68.4833,4097,"Meteorológica de 2do Orden","MMAyA (Ministerio de Medio Ambiente y Agua)","MMAyA (Ministerio de Medio Ambiente y Agua)"
332,"Chulumani - GPRS","Paz","Sud Yungas","Chulumani",-16.4086,-67.5275,1750,"Meteorológica de 2do Orden","SENAMHI","FAO"
333,"Miguillas","Paz","Sud Yungas","Irupana",-16.5519,-67.3389,1055,"Meteorológica de 4to Orden","ISOLUX","ISOLUX"
334,"Vila Vila - A","Paz","Sud Yungas","Irupana",-16.5436,-67.4336,2382,"Meteorológica de 1er Orden","SENAMHI","FAO"
335,"La Asunta - GPRS","Paz","Sud Yungas","La Asunta",-16.1267,-67.1967,756,"Meteorológica de 2do Orden","SENAMHI","FAO"
336,"Covendo","Paz","Sud Yungas","Palos Blancos",-15.83,-66.9497,500,"Meteorológica de 4to Orden","SENAMHI","OMM"
337,"Sapecho - GPRS","Paz","Sud Yungas","Palos Blancos",-15.5656,-67.325,410,"Meteorológica de 2do Orden","SENAMHI","FAO"
338,"Yanacachi - GPRS","Paz","Sud Yungas","Yanacachi",-16.3894,-67.7431,1920,"Meteorológica de 3er Orden","SENAMHI","FAO"
339,"Cerro Pelado","Paz","Sur Yungas","Palos Blancos",-15.4475,-67.1647,959,"Meteorológica de 4to Orden","SENAMHI","FAO"
340,"Sacaca","Potosi","Alonzo de Ibañez","Villa de Sacaca",-18.0667,-66.3833,3722,"Meteorológica de 3er Orden","SENAMHI","OMM"
341,"Chaquilla","Potosi","Antonio Quijarro","Porco",-19.8569,-66.1333,3599,"Meteorológica de 4to Orden","SENAMHI","OMM"
342,"Kilpani","Potosi","Antonio Quijarro","Tomave",-19.7811,-66.3483,3974,"Meteorológica de 4to Orden","SENAMHI","FAO"
343,"Lago Toro","Potosi","Antonio Quijarro","Tomave",-19.7008,-66.4075,4395,"Meteorológica de 4to Orden","SENAMHI","FAO"
344,"Molinos Pampa","Potosi","Antonio Quijarro","Tomave",-20.0697,-66.3378,3295,"Meteorológica de 4to Orden","SENAMHI","FAO"
345,"Tica Tica","Potosi","Antonio Quijarro","Tomave",-20.1833,-66.0167,3820,"Meteorológica de 4to Orden","SENAMHI","OMM"
346,"Tomave","Potosi","Antonio Quijarro","Tomave",-20.0672,-66.5311,3911,"Meteorológica de 3er Orden","SENAMHI","OMM"
347,"Uyuni","Potosi","Antonio Quijarro","Uyuni",-20.4722,-66.8314,3680,"Meteorológica de 3er Orden","SENAMHI","OMM"
348,"Uyuni - Aeropuerto","Potosi","Antonio Quijarro","Uyuni",-20.45,-66.8422,4000,"Meteorológica de 2do Orden","AASANA","AASANA"
349,"S. Pedro de Buena Vista - GPRS","Potosi","Charcas","San Pedro de Buena Vista",-18.26,-65.9922,2807,"Meteorológica de 2do Orden","EVAs - Municipio","EVAs - Municipio"
350,"Toro Toro","Potosi","Charcas","Toro Toro",-18.1833,-65.7167,2080,"Meteorológica de 3er Orden","SENAMHI","OMM"
351,"Ayoma","Potosi","Chayanta","Colquechaca",-18.8697,-66.1492,3522,"Meteorológica de 3er Orden","SENAMHI","OMM"
352,"Ravelo","Potosi","Chayanta","Ravelo",-18.8047,-65.5119,3200,"Meteorológica de 3er Orden","SENAMHI","OMM"
353,"Ravelo - GPRS","Potosi","Chayanta","Ravelo",-18.8011,-65.5239,3238,"Meteorológica de 2do Orden","Municipio","Banco Mundial"
354,"Casin","Potosi","Cornelio Saavedra","Betanzos",-19.3806,-65.2128,2931,"Meteorológica de 3er Orden","SENAMHI","OMM"
355,"Pampas de Lequezana","Potosi","Cornelio Saavedra","Betanzos",-19.5978,-65.3211,3266,"Meteorológica de 3er Orden","SENAMHI","FAO"
356,"Quivincha - GPRS","Potosi","Cornelio Saavedra","Betanzos",-19.5222,-65.5738,3312,"Meteorológica de 2do Orden","MMAyA (Ministerio de Medio Ambiente y Agua)","MMAyA (Ministerio de Medio Ambiente y Agua)"
357,"Chaqui","Potosi","Cornelio Saavedra","Chaqui",-19.6139,-65.6042,3437,"Meteorológica de 3er Orden","SENAMHI","OMM"
358,"Colavi","Potosi","Cornelio Saavedra","Tacobamba",-19.3158,-65.5472,3500,"Meteorológica de 4to Orden","SENAMHI","OMM"
359,"Tacobamba","Potosi","Cornelio Saavedra","Tacobamba",-19.1961,-65.55,3060,"Meteorológica de 4to Orden","SENAMHI","OMM"
360,"Acasio","Potosi","Gral.B.Bilbao","Acasio",-18.0167,-66.0833,3020,"Meteorológica de 4to Orden","SENAMHI","OMM"
361,"Acasio - GPRS","Potosi","Gral.B.Bilbao","Acasio",-18.0239,-66.0581,3900,"Meteorológica de 2do Orden","Municipio","Municipio"
362,"Caiza D","Potosi","Jose Maria Linares","Caiza ""D""",-20.0075,-65.6556,3114,"Meteorológica de 4to Orden","SENAMHI","OMM"
363,"Oronkota","Potosi","Jose Maria Linares","Ckochas",-19.5331,-64.8831,2043,"Meteorológica de 3er Orden","SENAMHI","OMM"
364,"Turuchipa","Potosi","Jose Maria Linares","Ckochas",-19.8,-64.95,2360,"Meteorológica de 4to Orden","SENAMHI","OMM"
365,"Chinoli","Potosi","Jose Maria Linares","Puna",-19.6481,-65.3611,3296,"Meteorológica de 1er Orden","SENAMHI","OMM"
366,"Puna","Potosi","Jose Maria Linares","Puna",-19.7972,-65.5033,3291,"Meteorológica de 3er Orden","SENAMHI","OMM"
367,"Ñuqui","Potosi","Jose Maria Linares","Puna",-19.9686,-65.3039,3307,"Meteorológica de 3er Orden","SENAMHI","FAO"
368,"Molle Punko - GPRS","Potosi","Jose Maria Linarez","Ckochas",-21.7642,-66.2319,3338,"Meteorológica de 2do Orden","FAO - Municipio","FAO - Municipio"
369,"Mojo","Potosi","Modesto Omiste","Villazon",-21.8292,-65.5506,3422,"Meteorológica de 3er Orden","SENAMHI","OMM"
370,"Villazón","Potosi","Modesto Omiste","Villazón",-22.0833,-65.6,3443,"Meteorológica de 3er Orden","SENAMHI","OMM"
371,"Cotagaita_Mosoj Llajta","Potosi","Nor Chichas","Cotagaita",-20.8222,-65.6469,2616,"Meteorológica de 3er Orden","SENAMHI","OMM"
372,"Palca Higueras","Potosi","Nor Chichas","Cotagaita",-20.6919,-65.4356,2440,"Meteorológica de 4to Orden","SENAMHI","OMM"
373,"Ramadas","Potosi","Nor Chichas","Cotagaita",-21.0833,-65.6333,3254,"Meteorológica de 4to Orden","SENAMHI","OMM"
374,"Tumusla","Potosi","Nor Chichas","Cotagaita",-20.4667,-65.6158,2580,"Meteorológica de 3er Orden","SENAMHI","OMM"
375,"Ñoquejza","Potosi","Nor Chichas","Cotagaita",-20.6667,-65.6667,3565,"Meteorológica de 4to Orden","SENAMHI","FAO"
376,"Aripalca-GPRS","Potosi","Nor Chichas","Vitichi",-20.5517,-65.4914,2532,"Meteorológica de 2do Orden","Municipio","Municipio"
377,"Caisilla-GPRS","Potosi","Nor Chichas","Vitichi",-20.2997,-65.2967,3326,"Meteorológica de 2do Orden","Municipio","Municipio"
378,"Chalavi-GPRS","Potosi","Nor Chichas","Vitichi",-20.3408,-65.4789,3177,"Meteorológica de 2do Orden","Municipio","Municipio"
379,"Kehuaca Grande-GPRS","Potosi","Nor Chichas","Vitichi",-20.4761,-65.3939,2801,"Meteorológica de 2do Orden","Municipio","Municipio"
380,"Tambalilla-GPRS","Potosi","Nor Chichas","Vitichi",-20.1239,-65.4122,3371,"Meteorológica de 2do Orden","Municipio","Municipio"
381,"Totoca-GPRS","Potosi","Nor Chichas","Vitichi",-20.4464,-65.4831,2656,"Meteorológica de 2do Orden","Municipio","Municipio"
382,"Vitichi","Potosi","Nor Chichas","Vitichi",-20.2156,-65.4931,3012,"Meteorológica de 3er Orden","SENAMHI","OMM"
383,"Vitichi-GPRS","Potosi","Nor Chichas","Vitichi",-20.2014,-65.49,2993,"Meteorológica de 2do Orden","Municipio","Municipio"
384,"Yawisla-GPRS","Potosi","Nor Chichas","Vitichi",-20.2381,-65.3833,3013,"Meteorológica de 2do Orden","Municipio","Municipio"
385,"Atulcha - GPRS","Potosi","Nor Lipez","Colchaka",-20.5689,-67.6425,3850,"Meteorológica de 2do Orden","Municipio","Municipio"
386,"Colcha K","Potosi","Nor Lipez","Colchaka",-20.7367,-67.6583,3780,"Meteorológica de 3er Orden","SENAMHI","OMM"
387,"Colcha K - GPRS","Potosi","Nor Lipez","Colchaka",-20.7425,-67.6603,3780,"Meteorológica de 2do Orden","Municipio Colcha K","Municipio Colcha K"
388,"Kocani - GPRS","Potosi","Nor Lipez","Colchaka",-21.1828,-66.5658,3800,"Meteorológica de 2do Orden","Municipio Colcha K","Municipio Colcha K"
389,"Llipi","Potosi","Nor Lipez","Colchaka",-20.7603,-67.3464,3681,"Meteorológica de 2do Orden","SENAMHI","FAO"
390,"San Juan del Rosario - GPRS","Potosi","Nor Lipez","Colchaka",-20.9164,-67.765,3780,"Meteorológica de 2do Orden","Municipio","Municipio"
391,"Vinto K - GPRS","Potosi","Nor Lipez","Colchaka",-20.6864,-67.0253,3780,"Meteorológica de 2do Orden","Municipio","Municipio"
392,"Irupata (GPRS)","Potosi","Rafael Bustillo","Chayanta",-18.4072,-66.3986,3839,"Meteorológica de 2do Orden","EVAs - Municipio","EVAs - Municipio"
393,"Llallagua","Potosi","Rafael Bustillo","Llallagua",-18.425,-66.5603,3805,"Meteorológica de 1er Orden","SENAMHI","FAO"
394,"Apacheta","Potosi","San Pablo de Lipez","San Pablo de Lipez",-22.4403,-67.8053,5040,"Meteorológica de 3er Orden","SENAMHI","FAO"
395,"Atocha","Potosi","Sud Chichas","Atocha",-20.93,-66.2189,3700,"Meteorológica de 4to Orden","SENAMHI","OMM"
396,"Chuquiago","Potosi","Sud Chichas","Tupiza",-21.5614,-65.6411,2841,"Meteorológica de 3er Orden","SENAMHI","FAO"
397,"Oploca","Potosi","Sud Chichas","Tupiza",-21.3333,-65.8333,3121,"Meteorológica de 4to Orden","SENAMHI","OMM"
398,"Peña Amarilla - GPRS","Potosi","Sud Chichas","Tupiza",-21.1836,-65.6007,3339,"Meteorológica de 2do Orden","Municipio","Municipio"
399,"Salo","Potosi","Sud Chichas","Tupiza",-21.2333,-65.7667,3245,"Meteorológica de 3er Orden","SENAMHI","FAO"
400,"San Jose Pampa Grande","Potosi","Sud Chichas","Tupiza",-21.6833,-65.8167,3000,"Meteorológica de 4to Orden","SENAMHI","OMM"
401,"Santa Rosa - GPRS","Potosi","Sud Chichas","Tupiza",-21.5651,-65.6214,2854,"Meteorológica de 2do Orden","Municipio","Municipio"
402,"Talina","Potosi","Sud Chichas","Tupiza",-21.7522,-65.8253,3093,"Meteorológica de 4to Orden","SENAMHI","OMM"
403,"Talina - GPRS","Potosi","Sud Chichas","Tupiza",-21.7,-65.9,3109,"Meteorológica de 2do Orden","FAO - Municipio","FAO - Municipio"
404,"Tupiza","Potosi","Sud Chichas","Tupiza",-21.4383,-65.7153,2923,"Meteorológica de 2do Orden","SENAMHI","OMM"
405,"San Antonio de Esmoruco","Potosi","Sud Lipez","San Antonio de Esmoru",-21.9517,-66.5194,3701,"Meteorológica de 3er Orden","SENAMHI","OMM"
406,"San Pablo de Lipez","Potosi","Sud Lipez","San Pablo de Lipez",-21.6831,-66.6139,4256,"Meteorológica de 2do Orden","SENAMHI","OMM"
407,"Chalviri - GPRS","Potosi","Tomas Frias","Potosí",-19.6556,-65.696,0,"Meteorológica de 2do Orden","VRHR - MMAyA","Banco Mundial"
408,"Potosi - Aeropuerto","Potosi","Tomas Frias","Potosí",-19.5436,-65.7194,3917,"Meteorológica de 2do Orden","AASANA","AASANA"
409,"Potosi - Los Pinos","Potosi","Tomas Frias","Potosí",-19.5833,-65.75,3950,"Meteorológica de 2do Orden","SENAMHI","OMM"
410,"Samasa","Potosi","Tomas Frias","Potosí",-19.4981,-65.6244,3650,"Meteorológica de 3er Orden","SENAMHI","OMM"
411,"Tarapaya","Potosi","Tomas Frias","Potosí",-19.4717,-65.7947,3355,"Meteorológica de 2do Orden","SENAMHI","OMM"
412,"Actara","Potosi","Tomas Frias","Tinguipaya",-19.0725,-65.9617,3482,"Meteorológica de 4to Orden","SENAMHI","OMM"
413,"Tinguipaya","Potosi","Tomas Frias","Tinguipaya",-19.2392,-65.8283,3706,"Meteorológica de 3er Orden","SENAMHI","OMM"
414,"Yocalla","Potosi","Tomas Frias","Yocalla",-19.3889,-65.9103,3426,"Meteorológica de 3er Orden","SENAMHI","OMM"
415,"Emborozu","Tarija","Aniceto Arce","Padcaya",-22.2669,-64.5544,881,"Meteorológica de 4to Orden","SENAMHI","OMM"
416,"Bermejo - Aeropuerto","Tarija","Arce","Bermejo",-22.7708,-64.3117,385,"Meteorológica de 2do Orden","AASANA","AASANA"
417,"Cañas","Tarija","Arce","Padcaya",-21.9022,-64.8508,2078,"Meteorológica de 3er Orden","SENAMHI","OMM"
418,"La Mamora","Tarija","Arce","Padcaya",-22.1781,-64.6644,1233,"Meteorológica de 3er Orden","SENAMHI","FAO"
419,"La Merced","Tarija","Arce","Padcaya",-22.0247,-64.6767,1509,"Meteorológica de 3er Orden","SENAMHI","OMM"
420,"Ce.Na.Vit.","Tarija","Aviles","Uriondo",-21.7253,-64.6581,1730,"Meteorológica de 3er Orden","SENAMHI","OMM"
421,"Juntas","Tarija","Aviles","Uriondo",-21.8103,-64.7975,1882,"Meteorológica de 4to Orden","SENAMHI","OMM"
422,"Pasajes (GPRS)","Tarija","Aviles","Yunchara",-21.7461,-65.0883,3668,"Meteorológica de 2do Orden","Municipio de Yunchará","Municipio de Yunchará"
423,"Rodeo (GPRS)","Tarija","Aviles","Yunchara",-21.5906,-65.1275,3391,"Meteorológica de 2do Orden","Municipio de Yunchará","Municipio de Yunchará"
424,"San Luis de Palqui","Tarija","Aviles","Yunchara",-21.5578,-65.135,3321,"Meteorológica de 4to Orden","SENAMHI","FAO"
425,"Tojo","Tarija","Aviles","Yunchara",-21.8189,-65.3264,2643,"Meteorológica de 4to Orden","SENAMHI","OMM"
426,"Yunchara","Tarija","Aviles","Yunchara",-21.8258,-65.2286,3580,"Meteorológica de 4to Orden","SENAMHI","FAO"
427,"Yuticancha (GPRS)","Tarija","Aviles","Yunchara",-21.9156,-65.0653,3815,"Meteorológica de 2do Orden","Municipio de Yunchará","Municipio de Yunchará"
428,"Zurita (GPRS)","Tarija","Aviles","Yunchara",-21.7539,-65.2394,3463,"Meteorológica de 2do Orden","Municipio de Yunchará","Municipio de Yunchará"
429,"Presa Calderas - GPRS","Tarija","Cercado","Cercado",-21.45073,-64.578193,2162,"Meteorológica de 2do Orden","Gobernacion de Tarija","Banco Mundial"
430,"Huacata - GPRS","Tarija","Cercado","Tarija",-21.233,-64.8033,0,"Meteorológica de 2do Orden","VRHR - MMAyA","Banco Mundial"
431,"Pinos Sud","Tarija","Cercado","Tarija",-21.7347,-64.8783,2118,"Meteorológica de 4to Orden","SENAMHI","OMM"
432,"San Andres","Tarija","Cercado","Tarija",-21.6233,-64.815,1987,"Meteorológica de 3er Orden","SENAMHI","OMM"
433,"San Jacinto - GPRS","Tarija","Cercado","Tarija",-21.6005,-64.7257,0,"Meteorológica de 2do Orden","VRHR - MMAyA","Banco Mundial"
434,"San Jacinto Sud","Tarija","Cercado","Tarija",-21.6103,-64.72,1820,"Meteorológica de 4to Orden","SENAMHI","OMM"
435,"Tarija - Aeropuerto","Tarija","Cercado","Tarija",-21.5467,-64.7108,1849,"Meteorológica de 2do Orden","AASANA","AASANA"
436,"Turumayo","Tarija","Cercado","Tarija",-21.5567,-64.7783,1978,"Meteorológica de 3er Orden","SENAMHI","OMM"
437,"Yesera Norte","Tarija","Cercado","Tarija",-21.3722,-64.5508,2267,"Meteorológica de 3er Orden","SENAMHI","OMM"
438,"Yesera Sur","Tarija","Cercado","Tarija",-21.4672,-64.5583,2092,"Meteorológica de 3er Orden","SENAMHI","FAO"
439,"Itau","Tarija","Gran Chaco","Carapari",-21.7042,-63.8686,970,"Meteorológica de 4to Orden","SENAMHI","OMM"
440,"Aguaraycito","Tarija","Gran Chaco","Villamontes",-21.39,-63.4122,396,"Meteorológica de 3er Orden","SENAMHI","OMM"
441,"Caigua - GPRS","Tarija","Gran Chaco","Villamontes",-21.1414,-63.4578,654,"Meteorológica de 2do Orden","MMAyA (Ministerio de Medio Ambiente y Agua)","MMAyA (Ministerio de Medio Ambiente y Agua)"
442,"Chimeo - GPRS","Tarija","Gran Chaco","Villamontes",-21.1958,-63.4375,400,"Meteorológica de 2do Orden","SENAMHI","FAO"
443,"El Mezquinado","Tarija","Gran Chaco","Villamontes",-21.3458,-63.0283,459,"Meteorológica de 4to Orden","SENAMHI","FAO"
444,"Palmar Grande","Tarija","Gran Chaco","Villamontes",-21.5314,-63.4419,464,"Meteorológica de 3er Orden","SENAMHI","OMM"
445,"Palo Marcado","Tarija","Gran Chaco","Villamontes",-21.4547,-63.1081,334,"Meteorológica de 4to Orden","SENAMHI","FAO"
446,"Villa Montes - Aeropuerto","Tarija","Gran Chaco","Villamontes",-21.2547,-63.4075,403,"Meteorológica de 2do Orden","AASANA","AASANA"
447,"Villamontes Bombeo","Tarija","Gran Chaco","Villamontes",-21.2611,-63.5033,383,"Meteorológica de 4to Orden","SENAMHI","FAO"
448,"Algarrobal - GPRS","Tarija","Gran Chaco","Yacuiba",-21.8394,-63.5969,598,"Meteorológica de 2do Orden","Gobierno Autonomo Regional del Chaco Tarijeño - Yacuiba","Gobierno Autonomo Regional del Chaco Tarijeño - Yacuiba"
449,"Algarrobillas","Tarija","Gran Chaco","Yacuiba",-21.8556,-63.2939,468,"Meteorológica de 4to Orden","SENAMHI","OMM"
450,"Crevaux","Tarija","Gran Chaco","Yacuiba",-21.8247,-62.9175,292,"Meteorológica de 4to Orden","SENAMHI","OMM"
451,"Sachapera","Tarija","Gran Chaco","Yacuiba",-21.6606,-63.5506,619,"Meteorológica de 4to Orden","SENAMHI","OMM"
452,"Yacuiba - Aeropuerto","Tarija","Gran Chaco","Yacuiba",-21.9656,-63.6544,645,"Meteorológica de 3er Orden","AASANA","AASANA"
453,"Campanario","Tarija","Méndez","El Puente",-21.5125,-64.9756,3460,"Meteorológica de 3er Orden","SENAMHI","OMM"
454,"Carrizal","Tarija","Méndez","El Puente",-21.4386,-65.2394,2447,"Meteorológica de 4to Orden","SENAMHI","FAO"
455,"El Puente","Tarija","Méndez","El Puente",-21.2381,-65.2061,2345,"Meteorológica de 4to Orden","SENAMHI","OMM"
456,"Paicho Centro","Tarija","Méndez","El Puente",-21.1453,-64.9544,2570,"Meteorológica de 4to Orden","SENAMHI","FAO"
457,"Tomayapo Pueblo","Tarija","Méndez","El Puente",-21.2683,-65.045,2734,"Meteorológica de 4to Orden","SENAMHI","OMM"
458,"Alto Cajas","Tarija","Méndez","Villa San Lorenzo",-21.3061,-64.4681,2422,"Meteorológica de 4to Orden","SENAMHI","OMM"
459,"Coimata","Tarija","Méndez","Villa San Lorenzo",-21.4992,-64.7889,2027,"Meteorológica de 3er Orden","SENAMHI","OMM"
460,"Quebrada de Cajas","Tarija","Méndez","Villa San Lorenzo",-21.1606,-64.4033,1072,"Meteorológica de 4to Orden","SENAMHI","FAO"
461,"Sella Quebradas","Tarija","Méndez","Villa San Lorenzo",-21.3864,-64.6811,2145,"Meteorológica de 3er Orden","SENAMHI","OMM"
462,"Trancas","Tarija","Méndez","Villa San Lorenzo",-21.3081,-64.8158,2198,"Meteorológica de 3er Orden","SENAMHI","OMM"
463,"Tucumillas","Tarija","Méndez","Villa San Lorenzo",-21.4611,-64.8311,2557,"Meteorológica de 3er Orden","SENAMHI","OMM"
464,"Berety","Tarija","O'Connor","Entre Rios",-21.445,-64.0381,1103,"Meteorológica de 4to Orden","SENAMHI","OMM"
465,"El Huayco","Tarija","O'Connor","Entre Rios",-21.3175,-64.2533,1510,"Meteorológica de 4to Orden","SENAMHI","FAO"
466,"Machigua","Tarija","O'Connor","Entre Rios",-20.9583,-64.1419,752,"Meteorológica de 4to Orden","SENAMHI","FAO"
467,"Narvaez","Tarija","O'Connor","Entre Rios",-21.4081,-64.2794,1723,"Meteorológica de 4to Orden","SENAMHI","OMM"
468,"Palos Blancos","Tarija","O'Connor","Entre Rios",-21.415,-63.7814,763,"Meteorológica de 4to Orden","SENAMHI","OMM"
469,"Puente Aruma","Tarija","O'Connor","Entre Rios",-20.9156,-64.1114,636,"Meteorológica de 4to Orden","SENAMHI","FAO"
470,"Puerto Margarita","Tarija","O'Connor","Entre Rios",-21.1906,-63.7614,495,"Meteorológica de 4to Orden","SENAMHI","OMM"
471,"Saladito Centro","Tarija","O'Connor","Entre Rios",-21.3189,-64.1228,857,"Meteorológica de 4to Orden","SENAMHI","FAO"
472,"San Josecito","Tarija","O'Connor","Entre Rios",-21.1692,-64.2358,907,"Meteorológica de 4to Orden","SENAMHI","OMM"
473,"Saykan Perulas","Tarija","O'Connor","Entre Rios",-21.7158,-64.0956,1356,"Meteorológica de 4to Orden","SENAMHI","FAO"
474,"Tarupayo","Tarija","O'Connor","Entre Rios",-21.3281,-63.955,786,"Meteorológica de 4to Orden","SENAMHI","OMM"
475,"Timboy","Tarija","O'Connor","Entre Rios",-21.1742,-64.0664,770,"Meteorológica de 4to Orden","SENAMHI","OMM"
476,"Entre RÍos","Tarija","O'Connor","Entre RÍos",-21.5031,-64.1706,1260,"Meteorológica de 4to Orden","SENAMHI","OMM"
